evidence_ref_id,filename,relative_path,sha256,size_bytes,captured_at_utc,source_url,capture_profile,kind,tool_version
ASSET,asset-index.json,assets/asset-index.json,1294fa558160ebb4172d4f5d3da578149c23d989d7bec79170a418fe86b5f85a,90968,2026-09-02T14:19:53Z,,,,vrr 1.0.0
P0001,03c93720ff_elementskit.woff,assets/fonts/03c93720ff_elementskit.woff,84687b1145eebcd305dd300750ba1bc1b58bf93534a26b1590b2bd7bf064074f,464672,2026-09-02T14:08:40Z,https://emiratespaints.com/wp-content/plugins/elementskit-lite/modules/elementskit-icon-pack/assets/fonts/elementskit.woff?itek3h,asset,fonts,vrr 1.0.0
P0001,17657e85a9_fa-brands-400.woff2,assets/fonts/17657e85a9_fa-brands-400.woff2,6b2680fab784d245cbb23d3b51e8d18740e8fc1c7c1c8eadcf0b2b7612125ff8,81612,2026-09-02T14:08:41Z,https://emiratespaints.com/wp-content/plugins/elementor/assets/lib/font-awesome/webfonts/fa-brands-400.woff2,asset,fonts,vrr 1.0.0
P0001,5f20d044ab_raleway-1ptug8zys_skggpnyc0itw.woff2,assets/fonts/5f20d044ab_raleway-1ptug8zys_skggpnyc0itw.woff2,47d477915fa5912616e2dc5df8c5780f9202671678cf275472bd39f3381c0098,48336,2026-09-02T14:08:39Z,https://emiratespaints.com/wp-content/uploads/elementor/google-fonts/fonts/raleway-1ptug8zys_skggpnyc0itw.woff2,asset,fonts,vrr 1.0.0
P0001,6a821818fd_themify.woff,assets/fonts/6a821818fd_themify.woff,0db5c5a1475eb7a3e5028983ea1e642d1b2c00faff6a250a37502b0f3832a4a7,56108,2026-09-02T14:08:40Z,https://emiratespaints.com/wp-content/themes/yobazar/css/fonts/Themify/themify.woff,asset,fonts,vrr 1.0.0
P0003,8b21a5c859_fa-regular-400.woff2,assets/fonts/8b21a5c859_fa-regular-400.woff2,8afc6e5e842baab16010c2ce6fcf48ec4ded8e1579a37c1f1bc027e120d04951,13276,2026-09-02T14:10:35Z,https://emiratespaints.com/wp-content/themes/yobazar/css/fonts/Fontawesome/fa-regular-400.woff2,asset,fonts,vrr 1.0.0
P0001,a8065b2d4f_6514Metropolis.woff2,assets/fonts/a8065b2d4f_6514Metropolis.woff2,c2f2d06b5630952f529790ce0856b4e8fcfca59f7170edb1b8d11801c9ac4f95,11296,2026-09-02T14:08:40Z,https://emiratespaints.com/wp-content/uploads/useanyfont/6514Metropolis.woff2,asset,fonts,vrr 1.0.0
P0003,bafa5ef9e6_fontawesome-webfont.woff,assets/fonts/bafa5ef9e6_fontawesome-webfont.woff,ba0c59deb5450f5cb41b3f93609ee2d0d995415877ddfa223e8a8a7533474f07,98024,2026-09-02T14:10:40Z,https://emiratespaints.com/wp-content/plugins/ultimate-member/assets/libs/legacy/fonticons/font/fontawesome-webfont.woff?v=4.2.0,asset,fonts,vrr 1.0.0
P0001,bd283504c1_fa-brands-400.woff2,assets/fonts/bd283504c1_fa-brands-400.woff2,43c072c16c9ee6d67acdfa6c6d6685ff1e74eb4237b7cc3c1348ab1c108b26af,76764,2026-09-02T14:08:40Z,https://emiratespaints.com/wp-content/themes/yobazar/css/fonts/Fontawesome/fa-brands-400.woff2,asset,fonts,vrr 1.0.0
P0002,c40a5866cf_fa-solid-900.woff2,assets/fonts/c40a5866cf_fa-solid-900.woff2,d0b4256abed72481585662971262eabee345c19f837af00d7ce24239d3b40eef,78196,2026-09-02T14:09:44Z,https://emiratespaints.com/wp-content/themes/yobazar/css/fonts/Fontawesome/fa-solid-900.woff2,asset,fonts,vrr 1.0.0
P0003,0052dadff6_MAJESTIC-MATT-390x520.webp,assets/images/0052dadff6_MAJESTIC-MATT-390x520.webp,dc9b6bea287c4beb8a016a56e8d047c98963e3ea72986e2f50d688376c11bd6b,20308,2026-09-02T14:10:44Z,https://emiratespaints.com/wp-content/uploads/2022/08/MAJESTIC-MATT-390x520.webp,asset,images,vrr 1.0.0
P0001,00cbf7c9d0_grey-m-1-1.webp,assets/images/00cbf7c9d0_grey-m-1-1.webp,5d8c831c83f975e67baf256acd2d3ad1a0b5cc1905b1a2bb98ee7179c860dde5,7676,2026-09-02T14:08:55Z,https://emiratespaints.com/wp-content/uploads/2023/10/grey-m-1-1.webp,asset,images,vrr 1.0.0
P0001,012864acab_grey-m-2.webp,assets/images/012864acab_grey-m-2.webp,5d8c831c83f975e67baf256acd2d3ad1a0b5cc1905b1a2bb98ee7179c860dde5,7676,2026-09-02T14:08:43Z,https://emiratespaints.com/wp-content/uploads/2023/10/grey-m-2.webp,asset,images,vrr 1.0.0
P0001,071e69051b_intierior-768x471.webp,assets/images/071e69051b_intierior-768x471.webp,e44bdcd9b0aa3c15ab07b591ba4597a8414c1e6b7acdb5528b0a6c4dba7fb7ba,33772,2026-09-02T14:09:06Z,https://emiratespaints.com/wp-content/uploads/2023/09/intierior-768x471.webp,asset,images,vrr 1.0.0
P0001,07fcb2c7b5_02-1-1.png.webp,assets/images/07fcb2c7b5_02-1-1.png.webp,bfef015892ef0c7ecaac5d2880d0f5731e593a0e4383f10513cdb84e0ebdd260,2630,2026-09-02T14:08:43Z,https://emiratespaints.com/wp-content/uploads/2023/10/02-1-1.png.webp,asset,images,vrr 1.0.0
P0001,09677efc03_bg-red-1.webp,assets/images/09677efc03_bg-red-1.webp,3cda42eb6218cd95be2116ff2079486542b4431489d20b49dd985e84f29bd1a8,62596,2026-09-02T14:08:43Z,https://emiratespaints.com/wp-content/uploads/2023/09/bg-red-1.webp,asset,images,vrr 1.0.0
P0002,09ae27017a_2K-Top-Coat-Gloss-390x520.png,assets/images/09ae27017a_2K-Top-Coat-Gloss-390x520.png,6d30d4dcdc397b1bec0183b4af5ce125e4c47b34148f71d0706edeed5188df6e,207354,2026-09-02T14:09:49Z,https://emiratespaints.com/wp-content/uploads/2024/08/2K-Top-Coat-Gloss-390x520.png,asset,images,vrr 1.0.0
P0002,0beed28441_CHROMA-2K-TOPCOAT-GLOSS-390x520.webp,assets/images/0beed28441_CHROMA-2K-TOPCOAT-GLOSS-390x520.webp,594fa6c01b5d75cbc6e5a56014f3300d8db8f52ca412f15e7c2db6bf2a4cc9b0,17614,2026-09-02T14:09:49Z,https://emiratespaints.com/wp-content/uploads/2025/02/CHROMA-2K-TOPCOAT-GLOSS-390x520.webp,asset,images,vrr 1.0.0
P0001,10071bedc3_phone-icon.png.webp,assets/images/10071bedc3_phone-icon.png.webp,fb02d1be4b4faf833e4e21bd530d158174fe067d71b6d491cb09463b6d5bc193,588,2026-09-02T14:08:43Z,https://emiratespaints.com/wp-content/uploads/2022/08/phone-icon.png.webp,asset,images,vrr 1.0.0
P0001,10999c6bde_Book-a-painter-1-1-1536x1536.webp,assets/images/10999c6bde_Book-a-painter-1-1-1536x1536.webp,a9149416f439669a6f86dddd2119f5b444e0f6836d271b6b94245198cf730d50,41556,2026-09-02T14:08:43Z,https://emiratespaints.com/wp-content/uploads/2023/09/Book-a-painter-1-1-1536x1536.webp,asset,images,vrr 1.0.0
P0002,10d93bdf4e_NC-Putty-1-390x520.webp,assets/images/10d93bdf4e_NC-Putty-1-390x520.webp,deef9ffb0ec6f5c009d279fa313cb72682b0bc43803be5f0c892d5fb89d936c9,15722,2026-09-02T14:09:49Z,https://emiratespaints.com/wp-content/uploads/2025/02/NC-Putty-1-390x520.webp,asset,images,vrr 1.0.0
P0001,1780d983c7_location-icon-1024x1024.png.webp,assets/images/1780d983c7_location-icon-1024x1024.png.webp,f0b185cd5efc89d672b516644404f0daaa9a39af787d99a1bd04f6f00bace234,20806,2026-09-02T14:08:43Z,https://emiratespaints.com/wp-content/uploads/2022/08/location-icon-1024x1024.png.webp,asset,images,vrr 1.0.0
P0002,18550c493f_CHROMA-2K-TOPCOAT-MATT-390x520.webp,assets/images/18550c493f_CHROMA-2K-TOPCOAT-MATT-390x520.webp,3265f900a200fefbcdf095ed18ac480806f985487035c9a3adba489b421d5e00,17334,2026-09-02T14:09:49Z,https://emiratespaints.com/wp-content/uploads/2025/02/CHROMA-2K-TOPCOAT-MATT-390x520.webp,asset,images,vrr 1.0.0
P0003,1ac014fedd_coats.png.webp,assets/images/1ac014fedd_coats.png.webp,d7c38ec152ab2dbcd8c8f45efdfe82a1f60ad9db63da9b97b2cf4f22669fee26,834,2026-09-02T14:10:39Z,https://emiratespaints.com/wp-content/themes/yobazar-child/assets/img/coats.png.webp,asset,images,vrr 1.0.0
P0003,211af17140_dry-time.png.webp,assets/images/211af17140_dry-time.png.webp,00039e0c395293ed3abe2fb1140c477b4c4e0f8b5d48ae9477427df7d8949f73,1876,2026-09-02T14:10:39Z,https://emiratespaints.com/wp-content/themes/yobazar-child/assets/img/dry-time.png.webp,asset,images,vrr 1.0.0
P0002,214c6fe215_NC-Clear-Semi-Gloss-1-390x520.webp,assets/images/214c6fe215_NC-Clear-Semi-Gloss-1-390x520.webp,47d3578e9391fb80b0ba3235a723b164fcb7d5afd3e1e832c93c9dde89ff0945,17356,2026-09-02T14:09:49Z,https://emiratespaints.com/wp-content/uploads/2025/02/NC-Clear-Semi-Gloss-1-390x520.webp,asset,images,vrr 1.0.0
P0001,21f6f98df6_blue-m-2.webp,assets/images/21f6f98df6_blue-m-2.webp,6524300e10a42325c6d6e7dcf00e3a51ca94c9c6f7844c28eefb6afd15116062,7236,2026-09-02T14:08:43Z,https://emiratespaints.com/wp-content/uploads/2023/10/blue-m-2.webp,asset,images,vrr 1.0.0
P0002,2237a1385f_AQUA-EMULSION-390x520.webp,assets/images/2237a1385f_AQUA-EMULSION-390x520.webp,296f1a8af1a221d5866e58d90bfbfad2841af142040c11da728182f3d4cd6fa8,20372,2026-09-02T14:09:49Z,https://emiratespaints.com/wp-content/uploads/2022/08/AQUA-EMULSION-390x520.webp,asset,images,vrr 1.0.0
P0002,22e700d730_NC-THINNER-FRONT-390x520.webp,assets/images/22e700d730_NC-THINNER-FRONT-390x520.webp,2582c529cb8bc4386bb15da89d5d9db99f5105006c1e5f793b81bd33b344545f,10970,2026-09-02T14:09:49Z,https://emiratespaints.com/wp-content/uploads/2025/02/NC-THINNER-FRONT-390x520.webp,asset,images,vrr 1.0.0
P0001,23790620ed_ext-new-1.webp,assets/images/23790620ed_ext-new-1.webp,f574d1d9f3d0c5334269e54034daa4f910ec50904be48e7b76639dc1292d0ce2,164648,2026-09-02T14:08:43Z,https://emiratespaints.com/wp-content/uploads/2023/10/ext-new-1.webp,asset,images,vrr 1.0.0
P0001,2cfb7c7ed5_red-m-2.webp,assets/images/2cfb7c7ed5_red-m-2.webp,27e9ec586ee69a32124e593e87ae5aa61d059b45b87a6383aeb92ca26e808c96,8072,2026-09-02T14:08:43Z,https://emiratespaints.com/wp-content/uploads/2023/10/red-m-2.webp,asset,images,vrr 1.0.0
P0001,2d40c0e0fc_envelop-iocn-1024x1024.png.webp,assets/images/2d40c0e0fc_envelop-iocn-1024x1024.png.webp,2962a56ddf12f539b77c0d39d97ba9cce2e9a279b62b04a01c589ac06137313a,20884,2026-09-02T14:08:43Z,https://emiratespaints.com/wp-content/uploads/2022/08/envelop-iocn-1024x1024.png.webp,asset,images,vrr 1.0.0
P0003,2d9d28a341_EMASHIELD-FINE-SILK-390x520.webp,assets/images/2d9d28a341_EMASHIELD-FINE-SILK-390x520.webp,5f5f30b485276139339c305578e2e3d9dce33b31bc83081952fc6d4670bb162c,21000,2026-09-02T14:10:44Z,https://emiratespaints.com/wp-content/uploads/2022/08/EMASHIELD-FINE-SILK-390x520.webp,asset,images,vrr 1.0.0
P0003,326f169b23_AQUA-EMULSION.webp,assets/images/326f169b23_AQUA-EMULSION.webp,14b7ae72fc4cf42ff96108fbe4c25e0c1a2655c0cec6bfbdb93daa2eac0d4e7b,129528,2026-09-02T14:10:40Z,https://emiratespaints.com/wp-content/uploads/2022/08/AQUA-EMULSION.webp,asset,images,vrr 1.0.0
P0001,3db79ec6e0_banner-grey-1.webp,assets/images/3db79ec6e0_banner-grey-1.webp,665326b2ca48f56a52ba42a26edd3de1d1e5b8e7754ebeef9526b687965bb41a,30186,2026-09-02T14:08:43Z,https://emiratespaints.com/wp-content/uploads/2023/09/banner-grey-1.webp,asset,images,vrr 1.0.0
P0002,3f3140904e_2K-THINNER-Front-390x520.webp,assets/images/3f3140904e_2K-THINNER-Front-390x520.webp,22de62c81e2a3d3f795f750513676b31afa8473e60fb313bf1750a602e9f51e2,11162,2026-09-02T14:09:49Z,https://emiratespaints.com/wp-content/uploads/2025/02/2K-THINNER-Front-390x520.webp,asset,images,vrr 1.0.0
P0001,400484f533_white-logo.png,assets/images/400484f533_white-logo.png,8b74dedf69b67c886d5e39778db70feada56ee341c7f9bf9cd7136c7bdd99449,11067,2026-09-02T14:08:43Z,https://emiratespaints.com/wp-content/uploads/2021/02/white-logo.png,asset,images,vrr 1.0.0
P0001,45ea0cab43_wish-list-1-1024x1024.webp,assets/images/45ea0cab43_wish-list-1-1024x1024.webp,338eb27d8b676216260d7c0cdea011914e44f16fbd08a6416971ee7eea95ae71,22320,2026-09-02T14:08:43Z,https://emiratespaints.com/wp-content/uploads/2023/09/wish-list-1-1024x1024.webp,asset,images,vrr 1.0.0
P0003,471bc162e8_HAMMER-FINISH-390x520.webp,assets/images/471bc162e8_HAMMER-FINISH-390x520.webp,54a1f6d02b293a1715480a8a60406d446db7e22f5719a663f11fd3125dd3fd8f,20556,2026-09-02T14:10:44Z,https://emiratespaints.com/wp-content/uploads/2025/02/HAMMER-FINISH-390x520.webp,asset,images,vrr 1.0.0
P0001,4a7d4824d0_hero-final-size-color-new-copy-bnw-1.webp,assets/images/4a7d4824d0_hero-final-size-color-new-copy-bnw-1.webp,cffce7661ace52d6d7a34a2de7063378380f119d65fcaba86b4ce082fefd107f,50384,2026-09-02T14:08:43Z,https://emiratespaints.com/wp-content/uploads/2023/10/hero-final-size-color-new-copy-bnw-1.webp,asset,images,vrr 1.0.0
P0001,4b45cb7d40_EMIRATES-PAINTS-WHITE-LOGO-AR-3-1.png.webp,assets/images/4b45cb7d40_EMIRATES-PAINTS-WHITE-LOGO-AR-3-1.png.webp,b6c495abc53207a06dce8694f9c2c6db3d83cbcbe8a5cc3a171a3ca35a3e50f4,13414,2026-09-02T14:08:39Z,https://emiratespaints.com/wp-content/uploads/2023/09/EMIRATES-PAINTS-WHITE-LOGO-AR-3-1.png.webp,asset,images,vrr 1.0.0
P0002,4fd69f8ced_ALKYD-ENAMEL-QD-390x520.webp,assets/images/4fd69f8ced_ALKYD-ENAMEL-QD-390x520.webp,1ede2a9a209438ac895f1ed38fd514743f1cb22426cee0ceac538f7a40dee7f3,20874,2026-09-02T14:09:49Z,https://emiratespaints.com/wp-content/uploads/2025/02/ALKYD-ENAMEL-QD-390x520.webp,asset,images,vrr 1.0.0
P0002,4fe5e98930_CHROMA-EMALUX-PRIMER-390x520.webp,assets/images/4fe5e98930_CHROMA-EMALUX-PRIMER-390x520.webp,fe6e871696a78c849395d72b9fda2171ba9bed5238f7688e68d283a87c35a7b3,21020,2026-09-02T14:09:49Z,https://emiratespaints.com/wp-content/uploads/2025/02/CHROMA-EMALUX-PRIMER-390x520.webp,asset,images,vrr 1.0.0
P0003,5470394cda_finish.png.webp,assets/images/5470394cda_finish.png.webp,a37a3a0d4740365ebec18073d5dd9b231742cd072495834612a44858333189dc,848,2026-09-02T14:10:34Z,https://emiratespaints.com/wp-content/themes/yobazar-child/assets/img/finish.png.webp,asset,images,vrr 1.0.0
P0001,5cd238f687_Find-a-color-1-qd28vkqxvui3qfk5xx8rvx595ee9crprvnz0e881ag.webp,assets/images/5cd238f687_Find-a-color-1-qd28vkqxvui3qfk5xx8rvx595ee9crprvnz0e881ag.webp,ab41d4586b1697e629cc6a86d671ba000ae4ab7bffdec5adf625d323d32b2aef,12758,2026-09-02T14:09:27Z,https://emiratespaints.com/wp-content/uploads/elementor/thumbs/Find-a-color-1-qd28vkqxvui3qfk5xx8rvx595ee9crprvnz0e881ag.webp,asset,images,vrr 1.0.0
P0002,5cff51b675_ACRYLIC-PRIMER-min-390x520.webp,assets/images/5cff51b675_ACRYLIC-PRIMER-min-390x520.webp,de8cd74f632ad28091d01cc61059aacee785da11de0effbc183bd199c58ff59f,19658,2026-09-02T14:09:49Z,https://emiratespaints.com/wp-content/uploads/2022/08/ACRYLIC-PRIMER-min-390x520.webp,asset,images,vrr 1.0.0
P0003,5e2d33a10e_AQUA-EMULSION-810x810.webp,assets/images/5e2d33a10e_AQUA-EMULSION-810x810.webp,de8c3f63ee449a21bb590bc40761e0e4308861070e019faa710a077822a45e09,35714,2026-09-02T14:10:34Z,https://emiratespaints.com/wp-content/uploads/2022/08/AQUA-EMULSION-810x810.webp,asset,images,vrr 1.0.0
P0001,5f2a90d306_hero-final-size-color-new-copy-1.webp,assets/images/5f2a90d306_hero-final-size-color-new-copy-1.webp,3adc9f22592726eb1dc6fa74d5e915e4d85aece88df6626fc778f861547e67ad,61032,2026-09-02T14:08:43Z,https://emiratespaints.com/wp-content/uploads/2023/10/hero-final-size-color-new-copy-1.webp,asset,images,vrr 1.0.0
P0001,60fc2bfb39_banner-rose-1.webp,assets/images/60fc2bfb39_banner-rose-1.webp,2141daa283fb4306f45c2e92168e875bd79ec9849d27bdbceba9f03323574b82,30062,2026-09-02T14:08:43Z,https://emiratespaints.com/wp-content/uploads/2023/09/banner-rose-1.webp,asset,images,vrr 1.0.0
P0001,692e5b061c_02-1.png.webp,assets/images/692e5b061c_02-1.png.webp,ad9062b0d8186bd360f91aead77d9d78e747b33ff7c8c28aa6ce0bfe0a39c7f6,2654,2026-09-02T14:08:43Z,https://emiratespaints.com/wp-content/uploads/2023/09/02-1.png.webp,asset,images,vrr 1.0.0
P0002,697fdd6e9f_2K-Hardener-390x520.webp,assets/images/697fdd6e9f_2K-Hardener-390x520.webp,8bd429238785031f948dca3acd13f65e9b4ce9df76c12a0e41c021ea446b992a,16376,2026-09-02T14:09:49Z,https://emiratespaints.com/wp-content/uploads/2025/02/2K-Hardener-390x520.webp,asset,images,vrr 1.0.0
P0001,6ab2689768_phone-icon-1024x1024.png.webp,assets/images/6ab2689768_phone-icon-1024x1024.png.webp,450626feda50dbb86d741384c9aa20595d015fbbb7622ab852ce9dfe24c30180,18562,2026-09-02T14:08:43Z,https://emiratespaints.com/wp-content/uploads/2022/08/phone-icon-1024x1024.png.webp,asset,images,vrr 1.0.0
P0001,6c5bf16a71_intierior.webp,assets/images/6c5bf16a71_intierior.webp,1459b452bb62c8d439a483ce2f03ed40004d1797cec9b0963c748386bfc06051,36932,2026-09-02T14:08:43Z,https://emiratespaints.com/wp-content/uploads/2023/09/intierior.webp,asset,images,vrr 1.0.0
P0002,7449f2b6e5_2K-Primer-390x520.webp,assets/images/7449f2b6e5_2K-Primer-390x520.webp,f3ec9d5915e5e9df19015ad837f481f5a81a3a1760ed6dcadf70411da76dd529,15946,2026-09-02T14:09:49Z,https://emiratespaints.com/wp-content/uploads/2025/02/2K-Primer-390x520.webp,asset,images,vrr 1.0.0
P0002,75727982f0_NC-Clear-MATT-1-390x520.webp,assets/images/75727982f0_NC-Clear-MATT-1-390x520.webp,89ec4d3063ca872846f9b50af09e5b48a74899f905212fb7bb1791d5a2497445,16422,2026-09-02T14:09:49Z,https://emiratespaints.com/wp-content/uploads/2025/02/NC-Clear-MATT-1-390x520.webp,asset,images,vrr 1.0.0
P0001,77cd9cffa8_int-new-1-768x471.webp,assets/images/77cd9cffa8_int-new-1-768x471.webp,9febd36073c9b1a68fe7782f397ef6bf1b6357062b24e55701c6f3faa27b559b,19070,2026-09-02T14:09:06Z,https://emiratespaints.com/wp-content/uploads/2023/10/int-new-1-768x471.webp,asset,images,vrr 1.0.0
P0002,7f0b8e0eaa_NC-Primer-1-390x520.webp,assets/images/7f0b8e0eaa_NC-Primer-1-390x520.webp,da756ac010c7c0ad490f7689b231a05ea055887257dae136a4f278a280732f6d,16128,2026-09-02T14:09:49Z,https://emiratespaints.com/wp-content/uploads/2025/02/NC-Primer-1-390x520.webp,asset,images,vrr 1.0.0
P0001,880728cd34_visualizer-1-qd291faw2avmt3jj16upqojlbq7d88kszzvacezio0.webp,assets/images/880728cd34_visualizer-1-qd291faw2avmt3jj16upqojlbq7d88kszzvacezio0.webp,611271adb64b12e48d38d43409019fd3df66126af4af707d2c08466da0810ca4,20536,2026-09-02T14:09:27Z,https://emiratespaints.com/wp-content/uploads/elementor/thumbs/visualizer-1-qd291faw2avmt3jj16upqojlbq7d88kszzvacezio0.webp,asset,images,vrr 1.0.0
P0001,8811ef2186_visualizer-1-768x768.webp,assets/images/8811ef2186_visualizer-1-768x768.webp,445f009e5b519c335864367a52ad595d2fa8480bd6a24c1701bb8d683405d508,19572,2026-09-02T14:09:06Z,https://emiratespaints.com/wp-content/uploads/2023/09/visualizer-1-768x768.webp,asset,images,vrr 1.0.0
P0001,88e016b91a_wish-list-1-qd290fl0uliqjwzetrew3xk2r33f3qn0732u3wgh8g.webp,assets/images/88e016b91a_wish-list-1-qd290fl0uliqjwzetrew3xk2r33f3qn0732u3wgh8g.webp,5d19828819380ab77d3ce0e4c1c370a30e51152645d151ca48b6fa3c0d5c0468,17236,2026-09-02T14:09:27Z,https://emiratespaints.com/wp-content/uploads/elementor/thumbs/wish-list-1-qd290fl0uliqjwzetrew3xk2r33f3qn0732u3wgh8g.webp,asset,images,vrr 1.0.0
P0003,8dfcb09392_GLOSS-EMULSION-min-390x520.webp,assets/images/8dfcb09392_GLOSS-EMULSION-min-390x520.webp,0618eec10a17bc9dbf48825b7f237f99334af51f80b15da6336fca342932c6e1,19928,2026-09-02T14:10:44Z,https://emiratespaints.com/wp-content/uploads/2022/08/GLOSS-EMULSION-min-390x520.webp,asset,images,vrr 1.0.0
P0001,8ed723db8b_white-logo-600x252.png,assets/images/8ed723db8b_white-logo-600x252.png,f50949f0b75db7d895395f7662fc66601325793869334a76d0511dd510aeaeac,8745,2026-09-02T14:09:27Z,https://emiratespaints.com/wp-content/uploads/2021/02/white-logo-600x252.png,asset,images,vrr 1.0.0
P0002,90a403e02e_2K-Clear-MATT-390x520.webp,assets/images/90a403e02e_2K-Clear-MATT-390x520.webp,6dacd4430881af63351bc847d1f091b0668b05bc24140664587de31dcbe76df6,16372,2026-09-02T14:09:49Z,https://emiratespaints.com/wp-content/uploads/2025/02/2K-Clear-MATT-390x520.webp,asset,images,vrr 1.0.0
P0001,93f8456055_next.png,assets/images/93f8456055_next.png,39029ab1d22bb3be163f982f0396677f9af4654814df35b48a29e344c7fd0afb,1237,2026-09-02T14:08:43Z,https://emiratespaints.com/wp-content/uploads/2023/09/next.png,asset,images,vrr 1.0.0
P0001,95ff723dcc_Find-a-store-1-1024x1024.webp,assets/images/95ff723dcc_Find-a-store-1-1024x1024.webp,3b41f45ed96bdeab51b8016dd114e5d4d3e6aad6810f2b7545b637fbc25d1066,33518,2026-09-02T14:08:43Z,https://emiratespaints.com/wp-content/uploads/2023/09/Find-a-store-1-1024x1024.webp,asset,images,vrr 1.0.0
P0002,9a1bcb1ebd_ALKYD-ENAMEL-ECO-MASTER-GLOSS-390x520.webp,assets/images/9a1bcb1ebd_ALKYD-ENAMEL-ECO-MASTER-GLOSS-390x520.webp,fd8f2900a537cea321433d47243cb7bb6d7f2ab4376c4ac5b2dd038cb7a68a35,22602,2026-09-02T14:09:49Z,https://emiratespaints.com/wp-content/uploads/2025/02/ALKYD-ENAMEL-ECO-MASTER-GLOSS-390x520.webp,asset,images,vrr 1.0.0
P0001,9be6c97c69_Book-a-painter-1-1-768x768.webp,assets/images/9be6c97c69_Book-a-painter-1-1-768x768.webp,bf05f8476c44fded2892cc66fbb51b2d6451619983eb788b39688e0077780c99,19186,2026-09-02T14:09:06Z,https://emiratespaints.com/wp-content/uploads/2023/09/Book-a-painter-1-1-768x768.webp,asset,images,vrr 1.0.0
P0001,a5bc223196_intierior-600x367.webp,assets/images/a5bc223196_intierior-600x367.webp,82a3505bb4d87e5728f3bb8078042a006642915d689c8f8c316dd2d631732cd5,25488,2026-09-02T14:09:27Z,https://emiratespaints.com/wp-content/uploads/2023/09/intierior-600x367.webp,asset,images,vrr 1.0.0
P0001,abb9ca0afa_Find-a-color-1-768x768.webp,assets/images/abb9ca0afa_Find-a-color-1-768x768.webp,51d5792b92895ea1e288727c12eff12a99031ceaeaae2e08e8c1c3794a00c830,19774,2026-09-02T14:09:06Z,https://emiratespaints.com/wp-content/uploads/2023/09/Find-a-color-1-768x768.webp,asset,images,vrr 1.0.0
P0002,ae3502be5b_2K-Primer-1-390x520.png,assets/images/ae3502be5b_2K-Primer-1-390x520.png,2e1e060fac0173c3063a060c0e8d088d113e830cd2bd202d57a9f52ad8bc11c2,204183,2026-09-02T14:09:48Z,https://emiratespaints.com/wp-content/uploads/2024/08/2K-Primer-1-390x520.png,asset,images,vrr 1.0.0
P0001,afc916fcbb_Find-a-store-1-768x768.webp,assets/images/afc916fcbb_Find-a-store-1-768x768.webp,17e5d61f7d7137897e54274d9f12dd9cbcf5d08830ff24c5fa5736e342586420,23958,2026-09-02T14:09:06Z,https://emiratespaints.com/wp-content/uploads/2023/09/Find-a-store-1-768x768.webp,asset,images,vrr 1.0.0
P0001,b284e453ae_banner-blue.webp,assets/images/b284e453ae_banner-blue.webp,b87d7e05ac81ec3170e5b12d7e8b2ca94b3653e48389fac05317c25219d3bc44,29746,2026-09-02T14:08:43Z,https://emiratespaints.com/wp-content/uploads/2023/09/banner-blue.webp,asset,images,vrr 1.0.0
P0001,b2e26e0aca_Footer-Heading-Line-1.png,assets/images/b2e26e0aca_Footer-Heading-Line-1.png,97cdb0f15d67e9430785b133858b93d09d12833e7828c02be5a8d7a909470571,451,2026-09-02T14:08:43Z,https://emiratespaints.com/wp-content/uploads/2021/02/Footer-Heading-Line-1.png,asset,images,vrr 1.0.0
P0002,b4daff9c65_CHROMA-EMALUX-BASE-COAT-390x520.webp,assets/images/b4daff9c65_CHROMA-EMALUX-BASE-COAT-390x520.webp,467f8da0f1be99c5a59d2f0b8a7847cdb79353c5a5f15e20ed011f9ef456f2dd,21000,2026-09-02T14:09:49Z,https://emiratespaints.com/wp-content/uploads/2025/02/CHROMA-EMALUX-BASE-COAT-390x520.webp,asset,images,vrr 1.0.0
P0001,b4f21df8a1_04-1.png.webp,assets/images/b4f21df8a1_04-1.png.webp,5ff92592eaf2ac31c6a2d38a99f5fd62c704d02f43a82a1100419c56b6611570,2726,2026-09-02T14:08:43Z,https://emiratespaints.com/wp-content/uploads/2023/09/04-1.png.webp,asset,images,vrr 1.0.0
P0002,b9cd6fbf30_prod_loading.gif,assets/images/b9cd6fbf30_prod_loading.gif,56c9b506cc463bca96904f78d970304cda044aebfe96749eaf76e125f085f165,23669,2026-09-02T14:09:44Z,https://emiratespaints.com/wp-content/themes/yobazar/images/prod_loading.gif,asset,images,vrr 1.0.0
P0001,ba3b242f66_visualizer-1-1024x1024.webp,assets/images/ba3b242f66_visualizer-1-1024x1024.webp,8c5632185bb3851c6b59d2f0d3e503a8586cea0c3836e143bb366a12103ef200,26594,2026-09-02T14:08:43Z,https://emiratespaints.com/wp-content/uploads/2023/09/visualizer-1-1024x1024.webp,asset,images,vrr 1.0.0
P0001,c17e56c3ed_int-new-1-600x367.webp,assets/images/c17e56c3ed_int-new-1-600x367.webp,34e312a45c1ad798c7573db4014ebf43d583064ef46e807fdc5a7bae9b4b95a8,12948,2026-09-02T14:09:27Z,https://emiratespaints.com/wp-content/uploads/2023/10/int-new-1-600x367.webp,asset,images,vrr 1.0.0
P0001,c21bf88c40_ext-new-1-768x471.webp,assets/images/c21bf88c40_ext-new-1-768x471.webp,8e01430adbb2956dbf78ed6107018af292625d6de149abf9fe12fb3481abe6fc,49938,2026-09-02T14:09:06Z,https://emiratespaints.com/wp-content/uploads/2023/10/ext-new-1-768x471.webp,asset,images,vrr 1.0.0
P0001,c6c590cd43_banner-red-1.webp,assets/images/c6c590cd43_banner-red-1.webp,c20a709d2b01d17419b05c202da102645bfcb3f943df896ec430554edb44cb65,31320,2026-09-02T14:08:42Z,https://emiratespaints.com/wp-content/uploads/2023/09/banner-red-1.webp,asset,images,vrr 1.0.0
P0001,c709efa073_Pngtree_paint_roller_icon_in_trendy_4846189-removebg-preview.png.webp,assets/images/c709efa073_Pngtree_paint_roller_icon_in_trendy_4846189-removebg-preview.png.webp,747073e41d83f0400ffcabc13d1936f6ad6b35e86a938f8e42850926b35a923f,4072,2026-09-02T14:08:43Z,https://emiratespaints.com/wp-content/uploads/2023/10/Pngtree_paint_roller_icon_in_trendy_4846189-removebg-preview.png.webp,asset,images,vrr 1.0.0
P0002,c70d336bf4_2K-Clear-gloss-390x520.webp,assets/images/c70d336bf4_2K-Clear-gloss-390x520.webp,04d970b77e7ad11f37ddad0d2fa1fa15566e9492af2b98068d504382c7cc416e,16574,2026-09-02T14:09:49Z,https://emiratespaints.com/wp-content/uploads/2025/02/2K-Clear-gloss-390x520.webp,asset,images,vrr 1.0.0
P0001,c829f7c379_dummy.png,assets/images/c829f7c379_dummy.png,69539b5b3777cffda28a66d7f2aa9b17c91ee1ec8fd50c00c442af91753a60f7,68,2026-09-02T14:08:39Z,https://emiratespaints.com/wp-content/plugins/revslider/sr6/assets/assets/dummy.png,asset,images,vrr 1.0.0
P0003,cac85c2dd4_EMASHIELD-PU-WOOD-CLEAR-MATT-390x520.webp,assets/images/cac85c2dd4_EMASHIELD-PU-WOOD-CLEAR-MATT-390x520.webp,b64de99327e543cfc553769bf9995998b19089f86713eb2c421a844ac648da93,22432,2026-09-02T14:10:44Z,https://emiratespaints.com/wp-content/uploads/2025/02/EMASHIELD-PU-WOOD-CLEAR-MATT-390x520.webp,asset,images,vrr 1.0.0
P0003,d7b70cdd6f_EMA-PU-WOOD-CLEAR-MATT-390x520.webp,assets/images/d7b70cdd6f_EMA-PU-WOOD-CLEAR-MATT-390x520.webp,c344287f45932b0051c29f586dc0b137397c7ccb62818a44590d002a14efc885,21496,2026-09-02T14:10:44Z,https://emiratespaints.com/wp-content/uploads/2025/02/EMA-PU-WOOD-CLEAR-MATT-390x520.webp,asset,images,vrr 1.0.0
P0001,da6a62a5df_Find-a-color-1-1536x1536.webp,assets/images/da6a62a5df_Find-a-color-1-1536x1536.webp,60004ec34a9e5d4e7cfcec8b69c6ecdce895dfc047fa46c5c3540f12fa709093,42616,2026-09-02T14:08:43Z,https://emiratespaints.com/wp-content/uploads/2023/09/Find-a-color-1-1536x1536.webp,asset,images,vrr 1.0.0
P0001,dde9f93c07_Paint-Bucket-Red-1-1-1.png.webp,assets/images/dde9f93c07_Paint-Bucket-Red-1-1-1.png.webp,3e2c0cc3c31cd83fbd79d437f45ed490241814077abe9e4704279b790e545704,3366,2026-09-02T14:08:43Z,https://emiratespaints.com/wp-content/uploads/2023/09/Paint-Bucket-Red-1-1-1.png.webp,asset,images,vrr 1.0.0
P0001,e047c79313_03-1.png.webp,assets/images/e047c79313_03-1.png.webp,82101213ce139062fe9d49e4fd4427d58bdaf350ef7c70214b79bb2abeab56e1,2550,2026-09-02T14:08:43Z,https://emiratespaints.com/wp-content/uploads/2023/09/03-1.png.webp,asset,images,vrr 1.0.0
P0001,e4bc537eac_ext-new-1-600x367.webp,assets/images/e4bc537eac_ext-new-1-600x367.webp,e8369f22232951c71d5b0c96fb88299cd00ca69e364427716f532312ff38e525,33656,2026-09-02T14:09:27Z,https://emiratespaints.com/wp-content/uploads/2023/10/ext-new-1-600x367.webp,asset,images,vrr 1.0.0
P0001,e5f68919c4_brush-booka-painter-1-e1696587676309.webp,assets/images/e5f68919c4_brush-booka-painter-1-e1696587676309.webp,14d97ac44ba3ce58f416135ee14ee86a67fece8b0489950b281bcda4cea2f083,44810,2026-09-02T14:08:43Z,https://emiratespaints.com/wp-content/uploads/2023/10/brush-booka-painter-1-e1696587676309.webp,asset,images,vrr 1.0.0
P0001,e93c171058_location-icon.png.webp,assets/images/e93c171058_location-icon.png.webp,3f84409a1100a208abacfaf797ad15937eaf767a7160366922bf9532b34b4e7b,632,2026-09-02T14:08:43Z,https://emiratespaints.com/wp-content/uploads/2022/08/location-icon.png.webp,asset,images,vrr 1.0.0
P0001,edba025610_rose-m-2.webp,assets/images/edba025610_rose-m-2.webp,b54e2c0f930fb6b15541debf5c0f725c1a368ab8c6ea6d7867d7bfa8fb0b9afc,8078,2026-09-02T14:08:43Z,https://emiratespaints.com/wp-content/uploads/2023/10/rose-m-2.webp,asset,images,vrr 1.0.0
P0001,f1821622a5_envelop-iocn.png.webp,assets/images/f1821622a5_envelop-iocn.png.webp,9663aa346afb7722ca5ffd97d8306c43df426129447d827e7d784c94268866ee,618,2026-09-02T14:08:43Z,https://emiratespaints.com/wp-content/uploads/2022/08/envelop-iocn.png.webp,asset,images,vrr 1.0.0
P0003,f2a26ab4b0_spread-rate.png.webp,assets/images/f2a26ab4b0_spread-rate.png.webp,c25d64ff73b6b60be625417d1851ca560e4762683f1990624282e1740995464f,2618,2026-09-02T14:10:39Z,https://emiratespaints.com/wp-content/themes/yobazar-child/assets/img/spread-rate.png.webp,asset,images,vrr 1.0.0
P0001,f3cd1459a5_untitled-1-2-1-6502efa5059fb.webp,assets/images/f3cd1459a5_untitled-1-2-1-6502efa5059fb.webp,978515369ae492fcb6be1fca6d86a7bace6cda5cb2ac3a0d7eebba530f18442d,43152,2026-09-02T14:08:43Z,https://emiratespaints.com/wp-content/uploads/2023/09/untitled-1-2-1-6502efa5059fb.webp,asset,images,vrr 1.0.0
P0001,f57cabb112_int-new-1.webp,assets/images/f57cabb112_int-new-1.webp,6028204f4746ca3870e5b64b8db2751bb73ebe7a5775ec573cd3ff487bdd2a7a,59070,2026-09-02T14:08:43Z,https://emiratespaints.com/wp-content/uploads/2023/10/int-new-1.webp,asset,images,vrr 1.0.0
P0001,fff0587180_wish-list-1-768x768.webp,assets/images/fff0587180_wish-list-1-768x768.webp,a4119bbfeb48daee556a9444a867552187e4aec7c94691f4cde552f2e9cffef8,16168,2026-09-02T14:09:06Z,https://emiratespaints.com/wp-content/uploads/2023/09/wish-list-1-768x768.webp,asset,images,vrr 1.0.0
P0003,002968a531_single-product.js,assets/scripts/002968a531_single-product.js,0da516ec6d50dfc875f248e62d6a450ecc998819408f398c6eebad17dc0d2da5,5111,2026-09-02T14:10:39Z,https://emiratespaints.com/wp-content/themes/yobazar/js/single-product.js?ver=1.0.7,asset,scripts,vrr 1.0.0
P0001,0152a9c516_hooks.min.js,assets/scripts/0152a9c516_hooks.min.js,cce388fed1a82ebd20ce7d9601e4b6c83a425ea201c333d71b1183ee887cc090,5050,2026-09-02T14:08:40Z,https://emiratespaints.com/wp-includes/js/dist/hooks.min.js?ver=7496969728ca0f95732d,asset,scripts,vrr 1.0.0
P0001,0222251c75_frontend.min.js,assets/scripts/0222251c75_frontend.min.js,70a09d19f3e856c225a6deb02308ae87dc5eb3de674aace0aaad23029c801bf7,24047,2026-09-02T14:08:42Z,https://emiratespaints.com/wp-content/plugins/elementor-pro/assets/js/frontend.min.js?ver=3.34.0,asset,scripts,vrr 1.0.0
P0001,0284e4d615_webpack-pro.runtime.min.js,assets/scripts/0284e4d615_webpack-pro.runtime.min.js,41259b468df4d5ec1bd2a361b78617663dc1c0ad522ec6d3a38be012a68207b4,6248,2026-09-02T14:08:42Z,https://emiratespaints.com/wp-content/plugins/elementor-pro/assets/js/webpack-pro.runtime.min.js?ver=3.34.0,asset,scripts,vrr 1.0.0
P0001,05f34cc0af_frontend-modules.min.js,assets/scripts/05f34cc0af_frontend-modules.min.js,c66f47147d5fe3cceeaa47a93ff7440a328f859b049deec2f9d8f414e9137474,50602,2026-09-02T14:08:41Z,https://emiratespaints.com/wp-content/plugins/elementor/assets/js/frontend-modules.min.js?ver=4.2.4,asset,scripts,vrr 1.0.0
P0001,0b14ecac91_wpdm-modal.min.js,assets/scripts/0b14ecac91_wpdm-modal.min.js,b9bfe2c25fed60676eec98f861eaada7e8acf69347c353e57256039c0718e7fd,13517,2026-09-02T14:08:39Z,https://emiratespaints.com/wp-content/plugins/download-manager/assets/modal/wpdm-modal.min.js?ver=3.3.68,asset,scripts,vrr 1.0.0
P0001,0e857084c6_revolution.addon.paintbrush.min.js,assets/scripts/0e857084c6_revolution.addon.paintbrush.min.js,544821a751f5abc7e8ef4e229a6d5aa0e62f5130288500e63ccd5919819ea08e,7870,2026-09-02T14:08:43Z,https://emiratespaints.com/wp-content/plugins/revslider-paintbrush-addon/sr6/assets/js/revolution.addon.paintbrush.min.js?ver=6.7.2,asset,scripts,vrr 1.0.0
P0001,140a8764d4_jarallax.js,assets/scripts/140a8764d4_jarallax.js,38972f4b7f3edddd1812cf2cc747b72643952cb31ec08abaccd339d1c403c413,14759,2026-09-02T14:08:39Z,https://emiratespaints.com/wp-content/plugins/elementskit/modules/parallax/assets/js/jarallax.js?ver=3.2.1,asset,scripts,vrr 1.0.0
P0001,1787f1085d_um-confirm.min.js,assets/scripts/1787f1085d_um-confirm.min.js,c115876f20f61789f14db9ff0bab7a7130e64bdc8cbe27e50bff42152c9374fa,2670,2026-09-02T14:08:41Z,https://emiratespaints.com/wp-content/plugins/ultimate-member/assets/libs/um-confirm/um-confirm.min.js?ver=1.0,asset,scripts,vrr 1.0.0
P0001,18adb619a5_common-frontend.min.js,assets/scripts/18adb619a5_common-frontend.min.js,8df1bf8f76e4feea4776dad9ce8d428b2458a28df2a1e206b72fbde23dea5efd,2060,2026-09-02T14:08:42Z,https://emiratespaints.com/wp-content/plugins/ultimate-member/assets/js/common-frontend.min.js?ver=2.13.0,asset,scripts,vrr 1.0.0
P0001,24b370d033_jquery.zoom.min.js,assets/scripts/24b370d033_jquery.zoom.min.js,3196159a327bb9655aa2150a88f46a6bd3705b71e149702db195d87deed79ae4,2673,2026-09-02T14:08:42Z,https://emiratespaints.com/wp-content/plugins/woocommerce/assets/js/zoom/jquery.zoom.min.js?ver=1.7.21-wc.11.0.1,asset,scripts,vrr 1.0.0
P0001,26b798dc5f_core.js,assets/scripts/26b798dc5f_core.js,b74df7673e9208fd56f3cf30e6cdd02f71e3551ec4e05cb9d7d3b84ef0884b5a,3052,2026-09-02T14:08:41Z,https://emiratespaints.com/wp-content/plugins/elementskit-lite/widgets/init/assets/js/widgets/core.js?ver=4.0.2,asset,scripts,vrr 1.0.0
P0001,27b351e698_um-account.min.js,assets/scripts/27b351e698_um-account.min.js,89903006bb131cf1b2c76d04187701664b0a2cfa8fbedf1c66e653b13212f6c1,2894,2026-09-02T14:08:42Z,https://emiratespaints.com/wp-content/plugins/ultimate-member/assets/js/um-account.min.js?ver=2.13.0,asset,scripts,vrr 1.0.0
P0001,293b07a8e1_particles.min.js,assets/scripts/293b07a8e1_particles.min.js,c670763da9b7f86085ca7cde8eab48dcd5d96fd40aa1fa8bca49a670507b16c0,22696,2026-09-02T14:08:42Z,https://emiratespaints.com/wp-content/plugins/elementskit/modules/particles/assets/js/particles.min.js?ver=3.2.1,asset,scripts,vrr 1.0.0
P0001,2c1c98fb59_picker.time.min.js,assets/scripts/2c1c98fb59_picker.time.min.js,229960d85c76fd1f3b427ff01039d98723632bc030c4bdc687057f5d3b35cd05,8895,2026-09-02T14:08:42Z,https://emiratespaints.com/wp-content/plugins/ultimate-member/assets/libs/pickadate/picker.time.min.js?ver=3.6.2,asset,scripts,vrr 1.0.0
P0001,2d26c20779_jquery-migrate.min.js,assets/scripts/2d26c20779_jquery-migrate.min.js,5274f11e6fb32ae0cf2dfb9f8043272865c397a7c4223b4cfa7d50ea52fbde89,13577,2026-09-02T14:08:39Z,https://emiratespaints.com/wp-includes/js/jquery/jquery-migrate.min.js?ver=3.4.1,asset,scripts,vrr 1.0.0
P0001,2f85d1b107_wp-emoji-release.min.js,assets/scripts/2f85d1b107_wp-emoji-release.min.js,063840b4b3f5869e0f0d078bab8bd29cfb3a59ee85e8e3edbbec35a8fe846fd3,22752,2026-09-02T14:08:43Z,https://emiratespaints.com/wp-includes/js/wp-emoji-release.min.js?ver=7.0.4,asset,scripts,vrr 1.0.0
P0001,31a81bec9e_revolution.addon.mousetrap.min.js,assets/scripts/31a81bec9e_revolution.addon.mousetrap.min.js,3cf7f44e1941e6e8ba518fffd0de269fd09a7088ccec024a08b3c52edd4cffae,13597,2026-09-02T14:08:43Z,https://emiratespaints.com/wp-content/plugins/revslider-mousetrap-addon/sr6/assets/js/revolution.addon.mousetrap.min.js?ver=6.7.6,asset,scripts,vrr 1.0.0
P0001,32b1d54a6b_parallax-frontend-scripts.js,assets/scripts/32b1d54a6b_parallax-frontend-scripts.js,22d9b0d32afaa7e0384b42cce62d2bb46acc62461b264fa3ae7c3da8267cf91c,73966,2026-09-02T14:08:43Z,https://emiratespaints.com/wp-content/plugins/elementskit/modules/parallax/assets/js/parallax-frontend-scripts.js?ver=3.2.1,asset,scripts,vrr 1.0.0
P0001,34abe56752_jquery.flexslider.min.js,assets/scripts/34abe56752_jquery.flexslider.min.js,2137c4e292448183917a4ede265d546ab578e8ebd600b9922c44ac08f02c92f5,21555,2026-09-02T14:08:42Z,https://emiratespaints.com/wp-content/plugins/woocommerce/assets/js/flexslider/jquery.flexslider.min.js?ver=2.7.2-wc.11.0.1,asset,scripts,vrr 1.0.0
P0001,352e417ef2_i18n.min.js,assets/scripts/352e417ef2_i18n.min.js,558ae0ec83cc88de0929fde86b87c231246aafa9c961ebffb3257b05f62ca5cf,5732,2026-09-02T14:08:40Z,https://emiratespaints.com/wp-includes/js/dist/i18n.min.js?ver=781d11515ad3d91786ec,asset,scripts,vrr 1.0.0
P0001,357246e72b_jquery.sticky.js,assets/scripts/357246e72b_jquery.sticky.js,55fbc43bb74d6efb1339078e01f235deed7118628f178b5c57d471ea8531ad07,4284,2026-09-02T14:08:42Z,https://emiratespaints.com/wp-content/themes/yobazar/js/jquery.sticky.js?ver=1.0.7,asset,scripts,vrr 1.0.0
P0001,35f1fe9b8f_section-frontend-handlers.d85ab872da118940910d.bundle.min.js,assets/scripts/35f1fe9b8f_section-frontend-handlers.d85ab872da118940910d.bundle.min.js,55922883b583583787dd3e36a6ee97b5bedc12eec38a24b6bd271d53b8ebf1c2,449,2026-09-02T14:08:43Z,https://emiratespaints.com/wp-content/plugins/elementor/assets/js/section-frontend-handlers.d85ab872da118940910d.bundle.min.js,asset,scripts,vrr 1.0.0
P0003,3b8c21db3a_single-product.min.js,assets/scripts/3b8c21db3a_single-product.min.js,4438d289d91dd13522a8bbd8cfe35f5732cabd7ab2c459c7141fca4a5fbd8bdb,9802,2026-09-02T14:10:39Z,https://emiratespaints.com/wp-content/plugins/woocommerce/assets/js/frontend/single-product.min.js?ver=11.0.1,asset,scripts,vrr 1.0.0
P0001,3e39446710_header-search.js,assets/scripts/3e39446710_header-search.js,95720581303ec7cef72bc7c239e479bbf8dfc7c7edb93af6b3ddf307fefaa394,589,2026-09-02T14:08:41Z,https://emiratespaints.com/wp-content/plugins/elementskit-lite/widgets/init/assets/js/widgets/header-search.js?ver=4.0.2,asset,scripts,vrr 1.0.0
P0001,469fc96faa_um-modal.min.js,assets/scripts/469fc96faa_um-modal.min.js,de4e37d22fb09479944c1c276a3a37919822ec50a1282b570b84c26f593a938d,4891,2026-09-02T14:08:42Z,https://emiratespaints.com/wp-content/plugins/ultimate-member/assets/js/um-modal.min.js?ver=2.13.0,asset,scripts,vrr 1.0.0
P0001,483d518928_tipsy.min.js,assets/scripts/483d518928_tipsy.min.js,31e6722068108fda3ffdd3275abfc3600930e7dac9597c7948ab931e8b72ad56,4366,2026-09-02T14:08:41Z,https://emiratespaints.com/wp-content/plugins/ultimate-member/assets/libs/tipsy/tipsy.min.js?ver=1.0.0a,asset,scripts,vrr 1.0.0
P0001,4a5be4f9e8_header-offcanvas.js,assets/scripts/4a5be4f9e8_header-offcanvas.js,c14960982664ef67137d8ebcc3b0221a2e56119345884da647d7c33e263571e2,485,2026-09-02T14:08:41Z,https://emiratespaints.com/wp-content/plugins/elementskit-lite/widgets/init/assets/js/widgets/header-offcanvas.js?ver=4.0.2,asset,scripts,vrr 1.0.0
P0001,4d640c067b_um-functions.min.js,assets/scripts/4d640c067b_um-functions.min.js,5be3cbd50ba73162e2d6f23be2ae10c4d53aee937a0f56dd3f55bce8f6cfe13b,12597,2026-09-02T14:08:42Z,https://emiratespaints.com/wp-content/plugins/ultimate-member/assets/js/um-functions.min.js?ver=2.13.0,asset,scripts,vrr 1.0.0
P0001,5048e87a37_js.cookie.min.js,assets/scripts/5048e87a37_js.cookie.min.js,8b083f64f2e9e8ac445c730dfce7013cc6449ce155fd1c2f42b60edba4ecb4b1,1720,2026-09-02T14:08:42Z,https://emiratespaints.com/wp-content/plugins/woocommerce/assets/js/js-cookie/js.cookie.min.js?ver=2.1.4-wc.11.0.1,asset,scripts,vrr 1.0.0
P0001,5194100e79_index.js,assets/scripts/5194100e79_index.js,29fdd17a7002a2e1bbd9b33adafc53457c64006b5aca8f6e4dbf907de35433ca,12512,2026-09-02T14:08:40Z,https://emiratespaints.com/wp-content/plugins/contact-form-7/includes/swv/js/index.js?ver=6.1.7,asset,scripts,vrr 1.0.0
P0001,5566d9acd9_jquery.min.js,assets/scripts/5566d9acd9_jquery.min.js,cb6f2d32c49d1c2b25e9ffc9aaafa3f83075346c01bcd4ae6eb187392a4292cf,87553,2026-09-02T14:08:39Z,https://emiratespaints.com/wp-includes/js/jquery/jquery.min.js?ver=3.7.1,asset,scripts,vrr 1.0.0
P0001,55de22c415_en.js,assets/scripts/55de22c415_en.js,0bae803be28e5cdb97116c21c1f8d80456b7806708cec3c51d0019f6a4a1dc6a,844,2026-09-02T14:08:42Z,https://emiratespaints.com/wp-content/plugins/ultimate-member/assets/libs/select2/i18n/en.js?ver=4.0.13,asset,scripts,vrr 1.0.0
P0001,5843361882_rbtools.min.js,assets/scripts/5843361882_rbtools.min.js,c4596b16b126326b0d8fc2fb8bf91389ad3dc4671a269187913c19a8f2ad1094,165339,2026-09-02T14:08:43Z,https://emiratespaints.com/wp-content/plugins/revslider/sr6/assets/js/rbtools.min.js?ver=6.7.17,asset,scripts,vrr 1.0.0
P0001,599fc4f5d7_themesky.js,assets/scripts/599fc4f5d7_themesky.js,d11af8240c225bf28dc212c1bb1743e59d2d81a914d0f827b431a7343d99273e,21190,2026-09-02T14:08:41Z,https://emiratespaints.com/wp-content/plugins/themesky/js/themesky.js?ver=1.0.3,asset,scripts,vrr 1.0.0
P0001,5a6f9a72ef_jquery.blockUI.min.js,assets/scripts/5a6f9a72ef_jquery.blockUI.min.js,d151f8c0b2659cfb63704d68654ad8d9437ae9da4410536f63ddec21689a0620,9636,2026-09-02T14:08:39Z,https://emiratespaints.com/wp-content/plugins/woocommerce/assets/js/jquery-blockui/jquery.blockUI.min.js?ver=2.7.0-wc.11.0.1,asset,scripts,vrr 1.0.0
P0001,5b23d027f7_um-conditional.min.js,assets/scripts/5b23d027f7_um-conditional.min.js,2f5c6401951b4197532cf9df977374a74bf57f91b26c1d6d2b74b94546005a79,9731,2026-09-02T14:08:42Z,https://emiratespaints.com/wp-content/plugins/ultimate-member/assets/js/um-conditional.min.js?ver=2.13.0,asset,scripts,vrr 1.0.0
P0001,5c26340fa7_picker.min.js,assets/scripts/5c26340fa7_picker.min.js,b4f6b37beccf9dd518909c6777ed26d3aed7077538ec9f14c0f002604946c82d,8308,2026-09-02T14:08:41Z,https://emiratespaints.com/wp-content/plugins/ultimate-member/assets/libs/pickadate/picker.min.js?ver=3.6.2,asset,scripts,vrr 1.0.0
P0001,5f279d250b_frontend.min.js,assets/scripts/5f279d250b_frontend.min.js,6b475e12930f8e3fa638ac2c863d464019992c43187da5e4d6f2fd7ea76d4f73,17358,2026-09-02T14:08:41Z,https://emiratespaints.com/wp-content/plugins/woo-variation-swatches/assets/js/frontend.min.js?ver=2.4.0,asset,scripts,vrr 1.0.0
P0001,6002b131b0_euis-public.js,assets/scripts/6002b131b0_euis-public.js,57a50c99a31ef4e89e86664e96f6dfbdde163a2eb96e88b3b492c49aa4be2f37,838,2026-09-02T14:08:39Z,https://emiratespaints.com/wp-content/plugins/unlimited-elementor-inner-sections-by-boomdevs/public/js/euis-public.js?ver=1.0.9,asset,scripts,vrr 1.0.0
P0001,60e65748c3_cropper.min.js,assets/scripts/60e65748c3_cropper.min.js,b20765dff4a5c832a07a5e86d2f46d429ba60024b2c8a0a746d7f5ef5eaad33c,37380,2026-09-02T14:08:42Z,https://emiratespaints.com/wp-content/plugins/ultimate-member/assets/libs/cropper/cropper.min.js?ver=1.6.1,asset,scripts,vrr 1.0.0
P0001,630bf29d62_nav-menu.8521a0597c50611efdc6.bundle.min.js,assets/scripts/630bf29d62_nav-menu.8521a0597c50611efdc6.bundle.min.js,3cfcdbe5acecbbca94178cd1eb06d54205af48c24eec19c8021662fc6eb9ddbd,5240,2026-09-02T14:08:43Z,https://emiratespaints.com/wp-content/plugins/elementor-pro/assets/js/nav-menu.8521a0597c50611efdc6.bundle.min.js,asset,scripts,vrr 1.0.0
P0001,65c8bb56c5_um-scripts.min.js,assets/scripts/65c8bb56c5_um-scripts.min.js,8bc52a9e4fdd59a48d39e6043da220298443f49f93bd6949125093a655e205d2,12373,2026-09-02T14:08:42Z,https://emiratespaints.com/wp-content/plugins/ultimate-member/assets/js/um-scripts.min.js?ver=2.13.0,asset,scripts,vrr 1.0.0
P0001,664f47f79f_parallax-admin-scripts.js,assets/scripts/664f47f79f_parallax-admin-scripts.js,d039ab78a41a40513255297988c0233ce3c9904089da29cabb0bc222b3259ceb,7605,2026-09-02T14:08:43Z,https://emiratespaints.com/wp-content/plugins/elementskit/modules/parallax/assets/js/parallax-admin-scripts.js?ver=3.2.1,asset,scripts,vrr 1.0.0
P0002,67f51805bd_shop-load-more.js,assets/scripts/67f51805bd_shop-load-more.js,eff65bcaf46182a90cdd014174400722d0f08f149f670d4cedb5f1415cc9b560,4545,2026-09-02T14:09:47Z,https://emiratespaints.com/wp-content/themes/yobazar/js/shop-load-more.js?ver=1.0.7,asset,scripts,vrr 1.0.0
P0001,6820b2cc32_jquery.magnific-popup.min.js,assets/scripts/6820b2cc32_jquery.magnific-popup.min.js,36ff873ebe85ca30547995ea8bba777681a48f1090a2b7906060617cb4b5937b,20849,2026-09-02T14:08:41Z,https://emiratespaints.com/wp-content/plugins/elementskit-lite/assets/libs/magnific-popup/jquery.magnific-popup.min.js?ver=4.0.2,asset,scripts,vrr 1.0.0
P0001,6e70d54e65_order-attribution.min.js,assets/scripts/6e70d54e65_order-attribution.min.js,0eb862a5891526d089b727fdfa30222cca4b4d75b5835727bf57df17436256f6,2439,2026-09-02T14:08:41Z,https://emiratespaints.com/wp-content/plugins/woocommerce/assets/js/frontend/order-attribution.min.js?ver=11.0.1,asset,scripts,vrr 1.0.0
P0001,6fecb71912_wpdm.min.js,assets/scripts/6fecb71912_wpdm.min.js,6d6aa38b53d4a7a7aef17b73d5d88e446ffa06a2983f1d34b95aceafd3670bad,3670,2026-09-02T14:08:39Z,https://emiratespaints.com/wp-content/plugins/download-manager/assets/js/wpdm.min.js?ver=7.0.4,asset,scripts,vrr 1.0.0
P0001,74fb11c641_api-request.min.js,assets/scripts/74fb11c641_api-request.min.js,1a234275545ba883616ac6b4151a0f06d9bb097146e806e40317a263bbf1c51e,1023,2026-09-02T14:08:41Z,https://emiratespaints.com/wp-includes/js/api-request.min.js?ver=7.0.4,asset,scripts,vrr 1.0.0
P0001,74fcf15da4_core.min.js,assets/scripts/74fcf15da4_core.min.js,699210a5ed06e497b4730ec83bb65ac4c2269ae4a0ee8af3f24aae7ee5b66b76,21464,2026-09-02T14:08:41Z,https://emiratespaints.com/wp-includes/js/jquery/ui/core.min.js?ver=1.13.3,asset,scripts,vrr 1.0.0
P0001,75b07df237_elementskit-reset-button.js,assets/scripts/75b07df237_elementskit-reset-button.js,c59691afafcbc1d21ab1fd181e65e5e7c164a009dd04e47d1247a724dab9e81b,334,2026-09-02T14:08:42Z,https://emiratespaints.com/wp-content/plugins/elementskit/modules/pro-form-reset-button/assets/js/elementskit-reset-button.js?ver=3.2.1,asset,scripts,vrr 1.0.0
P0001,7ab607996d_picker.date.min.js,assets/scripts/7ab607996d_picker.date.min.js,40262d5dcd887efa32be2d9697d54b5b88940928ad0fe7a594075175df66391d,12578,2026-09-02T14:08:42Z,https://emiratespaints.com/wp-content/plugins/ultimate-member/assets/libs/pickadate/picker.date.min.js?ver=3.6.2,asset,scripts,vrr 1.0.0
P0001,7d43e760da_index.js,assets/scripts/7d43e760da_index.js,ddcce687729cb358abf9d0d8e1217a097859be2b0d18c23d7c851b38c87bc9c0,13452,2026-09-02T14:08:40Z,https://emiratespaints.com/wp-content/plugins/contact-form-7/includes/js/index.js?ver=6.1.7,asset,scripts,vrr 1.0.0
P0003,7effdd63ad_lightbox.3f9b3a051b2336dd5372.bundle.min.js,assets/scripts/7effdd63ad_lightbox.3f9b3a051b2336dd5372.bundle.min.js,9db62e3a349e2f9696db6e12aa6fc8c22e8200fa8ea21fcd45112eb435545f31,29496,2026-09-02T14:10:39Z,https://emiratespaints.com/wp-content/plugins/elementor/assets/js/lightbox.3f9b3a051b2336dd5372.bundle.min.js,asset,scripts,vrr 1.0.0
P0001,813c19c534_script.js,assets/scripts/813c19c534_script.js,8b52f7c078fd63a9675dfab4e29707fbfae5d48817b48cc5ed1d580b05e83364,17756,2026-09-02T14:08:41Z,https://emiratespaints.com/wp-content/themes/yobazar-child/assets/js/script.js?ver=1.0.0,asset,scripts,vrr 1.0.0
P0001,81fa0b8c0d_elementskit-sticky-content.js,assets/scripts/81fa0b8c0d_elementskit-sticky-content.js,db00620e66dee0b581e09bcf19352678ba8dd3709bf3d1030db00de3ad247df8,7025,2026-09-02T14:08:43Z,https://emiratespaints.com/wp-content/plugins/elementskit/modules/sticky-content/assets/js/elementskit-sticky-content.js?ver=3.2.1,asset,scripts,vrr 1.0.0
P0001,83b37332d3_add-to-cart-variation.min.js,assets/scripts/83b37332d3_add-to-cart-variation.min.js,5a1d08f003cc8da23a338891305aa6eeaa3d61250b61e214d43874c6689756e9,16627,2026-09-02T14:08:42Z,https://emiratespaints.com/wp-content/plugins/woocommerce/assets/js/frontend/add-to-cart-variation.min.js?ver=11.0.1,asset,scripts,vrr 1.0.0
P0001,8402ff6c8f_jquery.form.min.js,assets/scripts/8402ff6c8f_jquery.form.min.js,dc869996cbc8f47cab9aeb9523f81a7f420207a2601cce9ba45e9b7e0e261452,15977,2026-09-02T14:08:40Z,https://emiratespaints.com/wp-includes/js/jquery/jquery.form.min.js?ver=4.3.0,asset,scripts,vrr 1.0.0
P0001,84b82859da_api-fetch.min.js,assets/scripts/84b82859da_api-fetch.min.js,9f24fcd9d972c7fa3ee796f266d677172fc6ed32b263b02b92d58f08860c61ce,6472,2026-09-02T14:08:41Z,https://emiratespaints.com/wp-includes/js/dist/api-fetch.min.js?ver=d7efe4dc1468d36c39b8,asset,scripts,vrr 1.0.0
P0001,867eae5219_frontend.min.js,assets/scripts/867eae5219_frontend.min.js,1842d6e4d3c7399fdb01ab4b0a7dd5c1d9c096110de0532181ed581f14e9e813,32098,2026-09-02T14:08:41Z,https://emiratespaints.com/wp-content/plugins/elementor/assets/js/frontend.min.js?ver=4.2.4,asset,scripts,vrr 1.0.0
P0001,896f6da3c2_woocommerce.min.js,assets/scripts/896f6da3c2_woocommerce.min.js,17daa5f5929c3deab38ffaacd89b213810e35e7d3ee115fc890b6bfdc230a9ad,4270,2026-09-02T14:08:42Z,https://emiratespaints.com/wp-content/plugins/woocommerce/assets/js/frontend/woocommerce.min.js?ver=11.0.1,asset,scripts,vrr 1.0.0
P0003,897491b213_dialog.min.js,assets/scripts/897491b213_dialog.min.js,30770e96ca66d9f13e483db507cef243b0602cbd356bc98a0b5aebf89717bcd2,11622,2026-09-02T14:10:39Z,https://emiratespaints.com/wp-content/plugins/elementor/assets/lib/dialog/dialog.min.js?ver=4.9.3,asset,scripts,vrr 1.0.0
P0001,8b686b6b2f_common.min.js,assets/scripts/8b686b6b2f_common.min.js,c3b35def511317ec3b2153e3fe231a478c47cb32b7ca948f9d0c938620dd008b,2759,2026-09-02T14:08:42Z,https://emiratespaints.com/wp-content/plugins/ultimate-member/assets/js/common.min.js?ver=2.13.0,asset,scripts,vrr 1.0.0
P0003,93e927630e_397f2d183c19202777d6.bundle.min.js,assets/scripts/93e927630e_397f2d183c19202777d6.bundle.min.js,813e816a1b807a4e4794e5636073848e62373b66b79d4601efb9e34a86f64521,23933,2026-09-02T14:10:39Z,https://emiratespaints.com/wp-content/plugins/elementor/assets/js/397f2d183c19202777d6.bundle.min.js,asset,scripts,vrr 1.0.0
P0001,950b19d8a6_select2.full.min.js,assets/scripts/950b19d8a6_select2.full.min.js,5c6fdab80cb86a279695dccc226a1fac50e2c922bea70242edaa28f52b7bad2d,79212,2026-09-02T14:08:42Z,https://emiratespaints.com/wp-content/plugins/ultimate-member/assets/libs/select2/select2.full.min.js?ver=4.0.13,asset,scripts,vrr 1.0.0
P0001,97e08dde9a_um-notice.min.js,assets/scripts/97e08dde9a_um-notice.min.js,96a0453a5b8644e62892124f5b1d0bcf3af3b5e788653ea16c772781122670d3,1062,2026-09-02T14:08:41Z,https://emiratespaints.com/wp-content/plugins/ultimate-member/assets/libs/um-notice/um-notice.min.js?ver=1.0,asset,scripts,vrr 1.0.0
P0001,997f4d5b78_jquery-form.min.js,assets/scripts/997f4d5b78_jquery-form.min.js,0bf4b3f691ac2a3f4ffdb1ee657cc5991eea1bf796361c2c9b8069648a704ff9,14452,2026-09-02T14:08:42Z,https://emiratespaints.com/wp-content/plugins/ultimate-member/assets/libs/jquery-form/jquery-form.min.js?ver=2.13.0,asset,scripts,vrr 1.0.0
P0001,9aa5801aa0_add-to-cart.min.js,assets/scripts/9aa5801aa0_add-to-cart.min.js,fca8dd4ee9c93f33dc3149e2c78aec8a28c54036faaf19c7b0ac9ca32293c070,4350,2026-09-02T14:08:42Z,https://emiratespaints.com/wp-content/plugins/woocommerce/assets/js/frontend/add-to-cart.min.js?ver=11.0.1,asset,scripts,vrr 1.0.0
P0001,9feb87c58a_nav-menu.js,assets/scripts/9feb87c58a_nav-menu.js,30c5d1dde6568f766db86c3238fec7362f2857f735a0f158a1399c5e9663e537,3154,2026-09-02T14:08:41Z,https://emiratespaints.com/wp-content/plugins/elementskit-lite/widgets/init/assets/js/widgets/nav-menu.js?ver=4.0.2,asset,scripts,vrr 1.0.0
P0001,a1534aef3e_sourcebuster.min.js,assets/scripts/a1534aef3e_sourcebuster.min.js,c50a0b33030ba0ec063be642c297f48af94359e2222ff140817248d591faf837,15315,2026-09-02T14:08:41Z,https://emiratespaints.com/wp-content/plugins/woocommerce/assets/js/sourcebuster/sourcebuster.min.js?ver=11.0.1,asset,scripts,vrr 1.0.0
P0001,a36ed0acd2_um-responsive.min.js,assets/scripts/a36ed0acd2_um-responsive.min.js,e101e32ba6cd535f0c03a4fa80754dfa694b187c713c35bcc72e83438f3d4ee3,384,2026-09-02T14:08:42Z,https://emiratespaints.com/wp-content/plugins/ultimate-member/assets/js/um-responsive.min.js?ver=2.13.0,asset,scripts,vrr 1.0.0
P0001,a4cc0b7f23_owl.carousel.min.js,assets/scripts/a4cc0b7f23_owl.carousel.min.js,046dc6039b3e2fb92362313c6a9487449d2d4c40d5bb397a9d5d5f42edd02a22,43517,2026-09-02T14:08:41Z,https://emiratespaints.com/wp-content/plugins/themesky/js/owl.carousel.min.js?ver=1.0.3,asset,scripts,vrr 1.0.0
P0003,b36cc168c0_share-link.min.js,assets/scripts/b36cc168c0_share-link.min.js,1030dee6b293cd2f1331f5355130a5db48929f961ba7409a4d4ce83c73caefdd,2752,2026-09-02T14:10:39Z,https://emiratespaints.com/wp-content/plugins/elementor/assets/lib/share-link/share-link.min.js?ver=4.2.4,asset,scripts,vrr 1.0.0
P0001,b49d514976_underscore.min.js,assets/scripts/b49d514976_underscore.min.js,61ccb2ff314af4b300014f1715b9e9b29f6aede9f25151e00722d5a4455c0ff2,19012,2026-09-02T14:08:39Z,https://emiratespaints.com/wp-includes/js/underscore.min.js?ver=1.13.8,asset,scripts,vrr 1.0.0
P0003,b5144f7069_singleProduct.js,assets/scripts/b5144f7069_singleProduct.js,80d760ba4746eac7892a39e01dff25f80783de75a52c91bb6858e14af0964f24,348,2026-09-02T14:10:38Z,https://emiratespaints.com/wp-content/themes/yobazar-child/assets/js/singleProduct.js?ver=1.0.0,asset,scripts,vrr 1.0.0
P0001,b9f5013316_um-raty.min.js,assets/scripts/b9f5013316_um-raty.min.js,0b38470a40052c9ba91360e670a9f423fbb9e3ff9944f7b39fdd74b489562669,9103,2026-09-02T14:08:42Z,https://emiratespaints.com/wp-content/plugins/ultimate-member/assets/libs/raty/um-raty.min.js?ver=2.6.0,asset,scripts,vrr 1.0.0
P0001,c21c597ed5_ekit-particles.js,assets/scripts/c21c597ed5_ekit-particles.js,fbe6aca5dab420db5922301ab6dbc95c077f212ee88aed7439646c6ffc54cbbc,973,2026-09-02T14:08:42Z,https://emiratespaints.com/wp-content/plugins/elementskit/modules/particles/assets/js/ekit-particles.js?ver=3.2.1,asset,scripts,vrr 1.0.0
P0001,c5f31e7a6e_um-gdpr.min.js,assets/scripts/c5f31e7a6e_um-gdpr.min.js,3156ac3f8b5c61bf0e9df9e452563b35cdb5fe9f0abbda56d672728fc7119540,388,2026-09-02T14:08:39Z,https://emiratespaints.com/wp-content/plugins/ultimate-member/assets/js/um-gdpr.min.js?ver=2.13.0,asset,scripts,vrr 1.0.0
P0001,d06b6747fa_shared-frontend-handlers.03caa53373b56d3bab67.bundle.min.js,assets/scripts/d06b6747fa_shared-frontend-handlers.03caa53373b56d3bab67.bundle.min.js,77c0a6d635dad44b53a9eb9f0f367a1bd3bf3620c0e41d3a4c15d1313f2553f0,8481,2026-09-02T14:08:43Z,https://emiratespaints.com/wp-content/plugins/elementor/assets/js/shared-frontend-handlers.03caa53373b56d3bab67.bundle.min.js,asset,scripts,vrr 1.0.0
P0001,d29ea0fec2_text-editor.45609661e409413f1cef.bundle.min.js,assets/scripts/d29ea0fec2_text-editor.45609661e409413f1cef.bundle.min.js,4543f55b0b8bc8fe912da8ddd1da7b07d0e8d3e77a824295a6bccd90d4f8aa13,1348,2026-09-02T14:08:43Z,https://emiratespaints.com/wp-content/plugins/elementor/assets/js/text-editor.45609661e409413f1cef.bundle.min.js,asset,scripts,vrr 1.0.0
P0001,d745bc48c3_rs6.min.js,assets/scripts/d745bc48c3_rs6.min.js,6956a11abacef46d5ddb093efc77c666cb767197089d2cb8ebe5ac501d753e4a,415904,2026-09-02T14:08:43Z,https://emiratespaints.com/wp-content/plugins/revslider/sr6/assets/js/rs6.min.js?ver=6.7.17,asset,scripts,vrr 1.0.0
P0001,da6305e03f_front.min.js,assets/scripts/da6305e03f_front.min.js,3e9f54980161ea07bc6585fbb46045a909079d6d46abf4c2362fa94dd422702a,28108,2026-09-02T14:08:39Z,https://emiratespaints.com/wp-content/plugins/download-manager/assets/js/front.min.js?ver=3.3.68,asset,scripts,vrr 1.0.0
P0001,da94b78c39_jquery.uploadfile.min.js,assets/scripts/da94b78c39_jquery.uploadfile.min.js,63d7be082df3d0a134f41cc55f18c52ce25a8032330ccdad2a2c37ce6a50d84b,9488,2026-09-02T14:08:42Z,https://emiratespaints.com/wp-content/plugins/ultimate-member/assets/libs/fileupload/jquery.uploadfile.min.js?ver=3.1.2,asset,scripts,vrr 1.0.0
P0001,dba66c3b45_dflip.min.js,assets/scripts/dba66c3b45_dflip.min.js,8e7512a970323f6c0c0f4c2cc5867dec83f0a95dc8d6a2c1c9530daf71781535,246402,2026-09-02T14:08:41Z,https://emiratespaints.com/wp-content/plugins/3d-flipbook-dflip-lite/assets/js/dflip.min.js?ver=2.4.37,asset,scripts,vrr 1.0.0
P0001,dce6e3aa5f_jquery.smartmenus.min.js,assets/scripts/dce6e3aa5f_jquery.smartmenus.min.js,f9b60ae2f2938c589960ef00d9b9a644f0847f7183f597cdc3fbf8cfe904c552,24109,2026-09-02T14:08:42Z,https://emiratespaints.com/wp-content/plugins/elementor-pro/assets/lib/smartmenus/jquery.smartmenus.min.js?ver=1.2.1,asset,scripts,vrr 1.0.0
P0001,e27a2cc93d_webpack.runtime.min.js,assets/scripts/e27a2cc93d_webpack.runtime.min.js,b374e10bcffae8cceceba134d3e33a9fc0d92a18d4cb5285ffa8242bebb96aae,5819,2026-09-02T14:08:41Z,https://emiratespaints.com/wp-content/plugins/elementor/assets/js/webpack.runtime.min.js?ver=4.2.4,asset,scripts,vrr 1.0.0
P0001,e3c2adfc16_anime.js,assets/scripts/e3c2adfc16_anime.js,9b8c64ea0d7a4298d3e8bdad40c0b3a23738a8265fa2a3fb6d7a68597fc016a0,17635,2026-09-02T14:08:41Z,https://emiratespaints.com/wp-content/plugins/elementskit/modules/parallax/assets/js/anime.js?ver=3.2.1,asset,scripts,vrr 1.0.0
P0001,e5dd471202_elfsight-whatsapp-chat.js,assets/scripts/e5dd471202_elfsight-whatsapp-chat.js,a836da41964f7dc0b669fa1b089f926c139e6045624ae27837c41e03bfb74ba7,516803,2026-09-02T14:08:42Z,https://emiratespaints.com/wp-content/plugins/elfsight-whatsapp-chat-cc/assets/elfsight-whatsapp-chat.js?ver=1.2.0,asset,scripts,vrr 1.0.0
P0001,e700e3ceb9_wp-util.min.js,assets/scripts/e700e3ceb9_wp-util.min.js,900f2dd9f6b66295a51f90c15a9271145b7964d8032725b4647ac44b409ceffa,1431,2026-09-02T14:08:38Z,https://emiratespaints.com/wp-includes/js/wp-util.min.js?ver=7.0.4,asset,scripts,vrr 1.0.0
P0001,f25945fd18_2025.js,assets/scripts/f25945fd18_2025.js,2a87b88767f14e30985e760d9f06acab64d6bb4435a38e656db7de39b1ebee7e,4544,2026-09-02T14:08:42Z,https://emiratespaints.com/wp-content/uploads/custom-css-js/2025.js?v=2187,asset,scripts,vrr 1.0.0
P0001,f8388103be_elements-handlers.min.js,assets/scripts/f8388103be_elements-handlers.min.js,8c3b210a5b386f4b06c87ee29c0ef08a6b7c4508d1e1420c25583135f18fce7d,44258,2026-09-02T14:08:42Z,https://emiratespaints.com/wp-content/plugins/elementor-pro/assets/js/elements-handlers.min.js?ver=3.34.0,asset,scripts,vrr 1.0.0
P0001,fa7b142aa5_um-profile.min.js,assets/scripts/fa7b142aa5_um-profile.min.js,8c5d569671824ee5819d176cba9a366730274a4ddd1413158a4910d10bf64188,3519,2026-09-02T14:08:42Z,https://emiratespaints.com/wp-content/plugins/ultimate-member/assets/js/um-profile.min.js?ver=2.13.0,asset,scripts,vrr 1.0.0
P0001,fc1be34665_nav-menu.js,assets/scripts/fc1be34665_nav-menu.js,45de0e5c45a5d81e1770811887f74e4cb048befedb76ad1f5b2d403bcb03c9d8,1778,2026-09-02T14:08:41Z,https://emiratespaints.com/wp-content/plugins/elementskit-lite/widgets/init/assets/js/nav-menu.js?ver=4.0.2,asset,scripts,vrr 1.0.0
P0001,fcc0bb9b82_wp-polyfill.min.js,assets/scripts/fcc0bb9b82_wp-polyfill.min.js,9a213bc9f56e363cd2ac88b8e751dac1acf8039d6ffd542535f849cb2b2f971c,33744,2026-09-02T14:08:41Z,https://emiratespaints.com/wp-includes/js/dist/vendor/wp-polyfill.min.js?ver=3.15.0,asset,scripts,vrr 1.0.0
P0001,fdd2f6e303_url.min.js,assets/scripts/fdd2f6e303_url.min.js,3b6961f564bd4de3c1d63bb56d2360efda476bbde17d8470f6c0a4aea24c30f4,10370,2026-09-02T14:08:41Z,https://emiratespaints.com/wp-includes/js/dist/url.min.js?ver=bb0f766c3d2efe497871,asset,scripts,vrr 1.0.0
P0001,ff968c7f3b_main.js,assets/scripts/ff968c7f3b_main.js,95523e8a34c70e18ee1465452da4da1d3156c03d710a166e60749228a790a266,45767,2026-09-02T14:08:42Z,https://emiratespaints.com/wp-content/themes/yobazar/js/main.js?ver=1.0.7,asset,scripts,vrr 1.0.0
P0001,048b16dbc3_styles.css,assets/styles/048b16dbc3_styles.css,a3b9f5df6bf638a4cb583480bed6e18a84ad7141cc3d75b81094f91dd7b82f32,2979,2026-09-02T14:08:38Z,https://emiratespaints.com/wp-content/plugins/contact-form-7/includes/css/styles.css?ver=6.1.7,asset,styles,vrr 1.0.0
P0001,05772ea978_woocommerce-layout.css,assets/styles/05772ea978_woocommerce-layout.css,1bbb6a7cfe9984fdf5f988c1faa8ee8b6c113b1d8a624f1c7ef40ed7e4f7283c,19780,2026-09-02T14:08:38Z,https://emiratespaints.com/wp-content/plugins/woocommerce/assets/css/woocommerce-layout.css?ver=11.0.1,asset,styles,vrr 1.0.0
P0001,05e19b73f9_header-offcanvas.css,assets/styles/05e19b73f9_header-offcanvas.css,3e288a64fb569b0d4722f9a24fc11d346f78abc8de43d9d20b8676997b23a7fd,3012,2026-09-02T14:08:39Z,https://emiratespaints.com/wp-content/plugins/elementskit-lite/widgets/init/assets/css/header-offcanvas.css?ver=4.0.2,asset,styles,vrr 1.0.0
P0001,086bc4c22f_fontawesome.min.css,assets/styles/086bc4c22f_fontawesome.min.css,e1279024841875a96aedf596c512e3d7bbbc488b71bbc437e3939487d62e2b08,59452,2026-09-02T14:08:38Z,https://emiratespaints.com/wp-content/themes/yobazar/css/fontawesome.min.css?ver=1.0.7,asset,styles,vrr 1.0.0
P0001,09349a4769_style.css,assets/styles/09349a4769_style.css,77a26660efa908962f41b97c2d78de8f281434fa7df7951f8b5e271d58aa2979,360819,2026-09-02T14:08:39Z,https://emiratespaints.com/wp-content/themes/yobazar/style.css?ver=1.0.7,asset,styles,vrr 1.0.0
P0001,0a3b794f04_wpdm-icons.css,assets/styles/0a3b794f04_wpdm-icons.css,a8424b2d0e09c4db057c0d0c9ec65c02ea169aa8381bf601175319fa347e97a1,3092,2026-09-02T14:08:38Z,https://emiratespaints.com/wp-content/plugins/download-manager/assets/wpdm-iconfont/css/wpdm-icons.css?ver=7.0.4,asset,styles,vrr 1.0.0
P0001,0f4d90751e_image-box.css,assets/styles/0f4d90751e_image-box.css,f0fd3ca01c21bb292b4993cbb0793e12445fa3e050d9ad761206bbe9be9c78b6,11426,2026-09-02T14:08:38Z,https://emiratespaints.com/wp-content/plugins/elementskit-lite/widgets/init/assets/css/image-box.css?ver=4.0.2,asset,styles,vrr 1.0.0
P0001,167e994b50_widget-icon-list.min.css,assets/styles/167e994b50_widget-icon-list.min.css,1b34d4c7324321e36db5d35f05bb011238a1326f89058a4399d028d1f6c47dd5,10255,2026-09-02T14:08:38Z,https://emiratespaints.com/wp-content/plugins/elementor/assets/css/widget-icon-list.min.css?ver=4.2.4,asset,styles,vrr 1.0.0
P0001,1f6f78f7d2_dflip.min.css,assets/styles/1f6f78f7d2_dflip.min.css,46cd164c5d37bb3feaa6b064b0d358688d8a104fbe95fa36d9c56c4426631e77,53285,2026-09-02T14:08:38Z,https://emiratespaints.com/wp-content/plugins/3d-flipbook-dflip-lite/assets/css/dflip.min.css?ver=2.4.37,asset,styles,vrr 1.0.0
P0001,24a4c7b8ae_raleway.css,assets/styles/24a4c7b8ae_raleway.css,f8aaf89176dbe3de11ca25fc8ba4fc4676c2f6a8a82676389114952ec51561c2,35082,2026-09-02T14:08:39Z,https://emiratespaints.com/wp-content/uploads/elementor/google-fonts/css/raleway.css?ver=1744705870,asset,styles,vrr 1.0.0
P0001,25a55e1294_common.css,assets/styles/25a55e1294_common.css,5279a956b12227e01274c7592347beba0960c773118cc6b0e6d024e306a1ea8f,157208,2026-09-02T14:08:38Z,https://emiratespaints.com/wp-content/plugins/elementskit-lite/widgets/init/assets/css/common.css?ver=4.0.2,asset,styles,vrr 1.0.0
P0001,2727774309_button.css,assets/styles/2727774309_button.css,77a061b212eb1ef90bd3a794ad6acb6f804285a82691144dea084c79d6555064,1212,2026-09-02T14:08:38Z,https://emiratespaints.com/wp-content/plugins/elementskit-lite/widgets/init/assets/css/button.css?ver=4.0.2,asset,styles,vrr 1.0.0
P0001,2bc6e5a49a_frontend.min.css,assets/styles/2bc6e5a49a_frontend.min.css,0a5d398672e25dc7f020f69df92a985481b248a60e301fee232d0c8afd648dc5,54666,2026-09-02T14:08:38Z,https://emiratespaints.com/wp-content/plugins/elementor/assets/css/frontend.min.css?ver=4.2.4,asset,styles,vrr 1.0.0
P0003,2f937e9d51_swiper.min.css,assets/styles/2f937e9d51_swiper.min.css,c57e64fcb72bddafa9c38de574441c3e69ac6c961df96b0cad34da83658bd196,16471,2026-09-02T14:10:39Z,https://emiratespaints.com/wp-content/plugins/elementor/assets/lib/swiper/v8/css/swiper.min.css?ver=8.4.5,asset,styles,vrr 1.0.0
P0001,30147e731b_header-search.css,assets/styles/30147e731b_header-search.css,be0057fb4cf94e78f3b8cad3f7fe740988f6daddd144627093dc18e33409a8c8,3592,2026-09-02T14:08:38Z,https://emiratespaints.com/wp-content/plugins/elementskit-lite/widgets/init/assets/css/header-search.css?ver=4.0.2,asset,styles,vrr 1.0.0
P0001,323724be02_euis-public.css,assets/styles/323724be02_euis-public.css,547dda3c14b284819be511be1e410da94a5efc6ccc4a9afe1c75394f9333191a,98,2026-09-02T14:08:38Z,https://emiratespaints.com/wp-content/plugins/unlimited-elementor-inner-sections-by-boomdevs/public/css/euis-public.css?ver=1.0.9,asset,styles,vrr 1.0.0
P0001,326482d006_revolution.addon.paintbrush.css,assets/styles/326482d006_revolution.addon.paintbrush.css,8e15b28977ad63e8b815bb44315628da7ffce1473e78de745fd16ab5afde0814,647,2026-09-02T14:08:39Z,https://emiratespaints.com/wp-content/plugins/revslider-paintbrush-addon/sr6/assets/css/revolution.addon.paintbrush.css?ver=6.7.2,asset,styles,vrr 1.0.0
P0001,32808b2ebb_rotateInUpLeft.min.css,assets/styles/32808b2ebb_rotateInUpLeft.min.css,0309457c80b3bedcf0911dd5be2363a810aa503da805906119f5f13953c5d257,206,2026-09-02T14:08:38Z,https://emiratespaints.com/wp-content/plugins/elementor/assets/lib/animations/styles/rotateInUpLeft.min.css?ver=4.2.4,asset,styles,vrr 1.0.0
P0001,348a67e446_frontend.min.css,assets/styles/348a67e446_frontend.min.css,a9394f689eba0f8ed435bde1e0f37c632c8d07912686af6267cf9e02ec66bc1b,35770,2026-09-02T14:08:38Z,https://emiratespaints.com/wp-content/plugins/woo-variation-swatches/assets/css/frontend.min.css?ver=2.4.0,asset,styles,vrr 1.0.0
P0001,3711ef8155_e-animation-float.min.css,assets/styles/3711ef8155_e-animation-float.min.css,0df227605e7c2950dd153d584e450ddb82e5c61da5ae83f326561ef691f37fde,244,2026-09-02T14:08:38Z,https://emiratespaints.com/wp-content/plugins/elementor/assets/lib/animations/styles/e-animation-float.min.css?ver=4.2.4,asset,styles,vrr 1.0.0
P0001,3937786d07_particles.css,assets/styles/3937786d07_particles.css,6cba78b4556e73cdfa079119549c5c7b17eabff384697078014be83073bf9d65,148,2026-09-02T14:08:39Z,https://emiratespaints.com/wp-content/plugins/elementskit/modules/particles/assets/css/particles.css?ver=3.2.1,asset,styles,vrr 1.0.0
P0001,3ff983b46f_style.css,assets/styles/3ff983b46f_style.css,d5c46e97fe2edd27ccb0b91cda90ade0e3a6bbdce41263a8e85c33cda05aea73,4728,2026-09-02T14:08:38Z,https://emiratespaints.com/wp-content/themes/yobazar-child/assets/css/style.css?ver=1.0.0,asset,styles,vrr 1.0.0
P0001,41e76eb766_common.min.css,assets/styles/41e76eb766_common.min.css,4736df0373ffc5aa9caa33166f62a363d50eed36a3b45ee9c7eeb95f6d513194,643,2026-09-02T14:08:39Z,https://emiratespaints.com/wp-content/plugins/ultimate-member/assets/css/common.min.css?ver=2.13.0,asset,styles,vrr 1.0.0
P0001,4255f81d6c_responsive.css,assets/styles/4255f81d6c_responsive.css,d408f226dd66a2954d9fe31f33885c5378a2ccfa8cf79ca2be132c125a087016,47097,2026-09-02T14:08:39Z,https://emiratespaints.com/wp-content/themes/yobazar/css/responsive.css?ver=1.0.7,asset,styles,vrr 1.0.0
P0003,4a75567fa1_dialog.min.css,assets/styles/4a75567fa1_dialog.min.css,3c6bbf5f5e5ddb0e8cd9c355934ca0cb4b083e3105df64a1ec1640ac1d4a8543,16528,2026-09-02T14:10:39Z,https://emiratespaints.com/wp-content/plugins/elementor/assets/css/conditionals/dialog.min.css?ver=4.2.4,asset,styles,vrr 1.0.0
P0001,510976f42a_fadeIn.min.css,assets/styles/510976f42a_fadeIn.min.css,d9c370831c74b1850d70f5b1c99453d6cda21e5099428a3f21c43bd96c3acb5d,77,2026-09-02T14:08:38Z,https://emiratespaints.com/wp-content/plugins/elementor/assets/lib/animations/styles/fadeIn.min.css?ver=4.2.4,asset,styles,vrr 1.0.0
P0001,533924f948_style.css,assets/styles/533924f948_style.css,d32ed1abd26533fcd9bc8a0364f39fd376c88acebe0a5d52adad350dd4fa5c4c,37974,2026-09-02T14:08:38Z,https://emiratespaints.com/wp-content/themes/yobazar-child/style.css?ver=7.0.4,asset,styles,vrr 1.0.0
P0001,58c625e2b4_default.time.min.css,assets/styles/58c625e2b4_default.time.min.css,37979261a61781075fc945e636b919badd7ac9f9e7098cb09480a0d26da55425,1452,2026-09-02T14:08:39Z,https://emiratespaints.com/wp-content/plugins/ultimate-member/assets/libs/pickadate/default.time.min.css?ver=3.6.2,asset,styles,vrr 1.0.0
P0001,5956a477b8_fonticons-ii.min.css,assets/styles/5956a477b8_fonticons-ii.min.css,7e6ad654c2d989265fc747c3fc1ba46b7be72977e32cc953f8555bb9eccc7810,34543,2026-09-02T14:08:39Z,https://emiratespaints.com/wp-content/plugins/ultimate-member/assets/libs/legacy/fonticons/fonticons-ii.min.css?ver=2.13.0,asset,styles,vrr 1.0.0
P0001,5957b000b0_brands.min.css,assets/styles/5957b000b0_brands.min.css,9cd63b8cea25045c14623c538d26752518a58c0c682795ce6ad3078976c65a37,675,2026-09-02T14:08:40Z,https://emiratespaints.com/wp-content/plugins/elementor/assets/lib/font-awesome/css/brands.min.css?ver=5.15.3,asset,styles,vrr 1.0.0
P0001,597c58f761_post-7478.css,assets/styles/597c58f761_post-7478.css,ddabab9d1acfaf729325cc386ba687c32f496111ec290d8f1c1f756146e01722,59557,2026-09-02T14:08:38Z,https://emiratespaints.com/wp-content/uploads/elementor/css/post-7478.css?ver=1788323139,asset,styles,vrr 1.0.0
P0001,5a1008ef6d_um-styles.min.css,assets/styles/5a1008ef6d_um-styles.min.css,b78d412f3adddc54e47f849387cd6fd4c52356fdb56e5959ff1576704d0fb18e,22292,2026-09-02T14:08:39Z,https://emiratespaints.com/wp-content/plugins/ultimate-member/assets/css/um-styles.min.css?ver=2.13.0,asset,styles,vrr 1.0.0
P0001,5c6a03498c_settings.css,assets/styles/5c6a03498c_settings.css,db81b265d743be0b1f5d27262aea8ee0ff2024e36ff966470d308126018af343,51830,2026-09-02T14:08:38Z,https://emiratespaints.com/wp-content/plugins/essential-grid/public/assets/css/settings.css?ver=3.0.13,asset,styles,vrr 1.0.0
P0001,5c9d70113e_e-animation-pulse.min.css,assets/styles/5c9d70113e_e-animation-pulse.min.css,b304de7cdb731ce27ebf9eebbcd9024537dfbf596cbfef35ee2ad5ce5116715c,318,2026-09-02T14:08:38Z,https://emiratespaints.com/wp-content/plugins/elementor/assets/lib/animations/styles/e-animation-pulse.min.css?ver=4.2.4,asset,styles,vrr 1.0.0
P0001,5e5295a4d3_woocommerce.css,assets/styles/5e5295a4d3_woocommerce.css,f7170ec084700729e8c9f0cb1b691be3828d5f2c6d79b0977e06e12b921238cb,87430,2026-09-02T14:08:38Z,https://emiratespaints.com/wp-content/plugins/woocommerce/assets/css/woocommerce.css?ver=11.0.1,asset,styles,vrr 1.0.0
P0001,613c6d480b_tipsy.min.css,assets/styles/613c6d480b_tipsy.min.css,5be71147d10b5f979c87f267186a54b1aab5f6ee3e7c0a4667575f1ad8ed9d54,1696,2026-09-02T14:08:39Z,https://emiratespaints.com/wp-content/plugins/ultimate-member/assets/libs/tipsy/tipsy.min.css?ver=1.0.0a,asset,styles,vrr 1.0.0
P0003,616253823f_lightbox.min.css,assets/styles/616253823f_lightbox.min.css,a02655a17860b510a9c6f5ee47d6586cc2c2eadcbf43b6477d76cfd541c05b47,11305,2026-09-02T14:10:39Z,https://emiratespaints.com/wp-content/plugins/elementor/assets/css/conditionals/lightbox.min.css?ver=4.2.4,asset,styles,vrr 1.0.0
P0001,680c781409_um-modal.min.css,assets/styles/680c781409_um-modal.min.css,2f2501db6c9fdfdb046b2ce11c2795deed7e909a1d70fed665bf2fb52f079c9e,2971,2026-09-02T14:08:39Z,https://emiratespaints.com/wp-content/plugins/ultimate-member/assets/css/um-modal.min.css?ver=2.13.0,asset,styles,vrr 1.0.0
P0001,6e77043253_robotoslab.css,assets/styles/6e77043253_robotoslab.css,90d47788584ed8e61cef14827cc6dc790090521fa899a492ae3cab000a7b06e4,23688,2026-09-02T14:08:39Z,https://emiratespaints.com/wp-content/uploads/elementor/google-fonts/css/robotoslab.css?ver=1744705851,asset,styles,vrr 1.0.0
P0001,6f1a53787a_apple-webkit.min.css,assets/styles/6f1a53787a_apple-webkit.min.css,cf502b45ef8bcae37a65822f78546f6cc7db74faf8f48850bf8a860262817fe6,6713,2026-09-02T14:08:39Z,https://emiratespaints.com/wp-content/plugins/elementor/assets/css/conditionals/apple-webkit.min.css?ver=4.2.4,asset,styles,vrr 1.0.0
P0001,7105acfd92_init.css,assets/styles/7105acfd92_init.css,8b6956dd0335026c54381915d31b4775ae50a6866740c0207138be26f37cc3f9,36,2026-09-02T14:08:38Z,https://emiratespaints.com/wp-content/plugins/agile-store-locator/public/css/init.css?ver=4.7.31,asset,styles,vrr 1.0.0
P0001,7413c26ce8_fontawesome.min.css,assets/styles/7413c26ce8_fontawesome.min.css,fafc4160788beca657ec3e3041976281fb6d54a0e82bb4d22a433f7c6bb8b1d6,58071,2026-09-02T14:08:40Z,https://emiratespaints.com/wp-content/plugins/elementor/assets/lib/font-awesome/css/fontawesome.min.css?ver=5.15.3,asset,styles,vrr 1.0.0
P0001,7a6ace7925_uaf.css,assets/styles/7a6ace7925_uaf.css,517ad4b620cbd1640439c360d8d6ed5056a2a01053e0bab81c19de91efc4ec3e,353,2026-09-02T14:08:38Z,https://emiratespaints.com/wp-content/uploads/useanyfont/uaf.css?ver=1787263677,asset,styles,vrr 1.0.0
P0001,7d9f27c93f_fadeInDown.min.css,assets/styles/7d9f27c93f_fadeInDown.min.css,13037a61480cee3d2149c59c4f6ddddce6cec4653016cb189bc6bedd42aca2fd,137,2026-09-02T14:08:38Z,https://emiratespaints.com/wp-content/plugins/elementor/assets/lib/animations/styles/fadeInDown.min.css?ver=4.2.4,asset,styles,vrr 1.0.0
P0001,7e79edb3c7_um-raty.min.css,assets/styles/7e79edb3c7_um-raty.min.css,c195eb366a6c08996bcd68f001baac9bd4b01bfaba3d827912f76692f5861ee5,876,2026-09-02T14:08:39Z,https://emiratespaints.com/wp-content/plugins/ultimate-member/assets/libs/raty/um-raty.min.css?ver=2.6.0,asset,styles,vrr 1.0.0
P0001,800ad39236_widget-nav-menu.min.css,assets/styles/800ad39236_widget-nav-menu.min.css,f81f5ba7fe46ba133e1b5e12e3d4a2e1d6e860b007e2200c3990abbc8b6c1733,27364,2026-09-02T14:08:39Z,https://emiratespaints.com/wp-content/plugins/elementor-pro/assets/css/widget-nav-menu.min.css?ver=3.34.0,asset,styles,vrr 1.0.0
P0001,865b2cc0de_motion-fx.min.css,assets/styles/865b2cc0de_motion-fx.min.css,830e206b42444c7bad7bf3ce729c00a11e0f4cb76b01f94f2d5d2c4578f7ee79,778,2026-09-02T14:08:38Z,https://emiratespaints.com/wp-content/plugins/elementor-pro/assets/css/modules/motion-fx.min.css?ver=3.34.0,asset,styles,vrr 1.0.0
P0001,87c09a7b15_header-info.css,assets/styles/87c09a7b15_header-info.css,44c4249fac35367f56c5022aa972087e25068406a4049392424a8efcc0992fe9,422,2026-09-02T14:08:39Z,https://emiratespaints.com/wp-content/plugins/elementskit-lite/widgets/init/assets/css/header-info.css?ver=4.0.2,asset,styles,vrr 1.0.0
P0001,8885937eca_um-fileupload.min.css,assets/styles/8885937eca_um-fileupload.min.css,061917eb65cbe20100ffebf48a5130b16baab986f7bd81d3dbd2ceb5c7abb404,2963,2026-09-02T14:08:39Z,https://emiratespaints.com/wp-content/plugins/ultimate-member/assets/css/um-fileupload.min.css?ver=2.13.0,asset,styles,vrr 1.0.0
P0001,8a3da95827_widget-image.min.css,assets/styles/8a3da95827_widget-image.min.css,fb8690e594b2f9b841585895d811e8cb839667a1a63963d1a1cdea11e2aa2abb,214,2026-09-02T14:08:38Z,https://emiratespaints.com/wp-content/plugins/elementor/assets/css/widget-image.min.css?ver=4.2.4,asset,styles,vrr 1.0.0
P0001,8b9f0df9c4_themesky.css,assets/styles/8b9f0df9c4_themesky.css,6f87a68fe322f9cc9ffd01ce26fff0a25ac03b97ad0014abd3c93afb4df6d3a4,34502,2026-09-02T14:08:38Z,https://emiratespaints.com/wp-content/plugins/themesky/css/themesky.css?ver=1.0.3,asset,styles,vrr 1.0.0
P0001,8ca66cb0d1_um-account.min.css,assets/styles/8ca66cb0d1_um-account.min.css,bfcb8f3f38164d4fa9dfb03a50a8bb443bbcb39cb53633a6ea4297f0aa40cacd,3735,2026-09-02T14:08:39Z,https://emiratespaints.com/wp-content/plugins/ultimate-member/assets/css/um-account.min.css?ver=2.13.0,asset,styles,vrr 1.0.0
P0001,8cbd182b98_default.min.css,assets/styles/8cbd182b98_default.min.css,4a72a906f606ebf25231bb1fb0d4206a0dc892deb3cf7dc05a72762a0300d371,2000,2026-09-02T14:08:39Z,https://emiratespaints.com/wp-content/plugins/ultimate-member/assets/libs/pickadate/default.min.css?ver=3.6.2,asset,styles,vrr 1.0.0
P0001,8f3cfbf9f3_roboto.css,assets/styles/8f3cfbf9f3_roboto.css,93fc00968e65a13db15f5a7b993649b408c3f3c0182d410770ce2375d0d8d0b8,104166,2026-09-02T14:08:39Z,https://emiratespaints.com/wp-content/uploads/elementor/google-fonts/css/roboto.css?ver=1744705845,asset,styles,vrr 1.0.0
P0001,91e87cfaf6_post-960.css,assets/styles/91e87cfaf6_post-960.css,4de4f58faa87459b1e36b69a351831fac0d9e0d762661797d79bc51f32769368,1295,2026-09-02T14:08:38Z,https://emiratespaints.com/wp-content/uploads/elementor/css/post-960.css?ver=1788323136,asset,styles,vrr 1.0.0
P0001,939ff1590b_yobazarchild.css,assets/styles/939ff1590b_yobazarchild.css,53854db043788527639d66b0f18ac633f3ae53a950cc3bec1e67034651f00319,75623,2026-09-02T14:08:39Z,https://emiratespaints.com/wp-content/uploads/yobazarchild.css?ver=1695716214,asset,styles,vrr 1.0.0
P0001,9457eb6fb4_jquery-ui.min.css,assets/styles/9457eb6fb4_jquery-ui.min.css,debbf2cb207098637dc21454a16f838ea7f4b8f480ffa14f55bbc425ad5e4d3f,32695,2026-09-02T14:08:39Z,https://emiratespaints.com/wp-content/plugins/ultimate-member/assets/libs/jquery-ui/jquery-ui.min.css?ver=1.13.2,asset,styles,vrr 1.0.0
P0001,955753fecb_wpdm-modal.min.css,assets/styles/955753fecb_wpdm-modal.min.css,a85f3b9763f0a0f6865faff0f5047432dc04238e21abc8f46db0175874e45f18,16894,2026-09-02T14:08:38Z,https://emiratespaints.com/wp-content/plugins/download-manager/assets/modal/wpdm-modal.min.css?ver=3.3.68,asset,styles,vrr 1.0.0
P0001,9b57c90200_themify-icons.css,assets/styles/9b57c90200_themify-icons.css,771618a68638200a0bcac0415b3843e419289a87eb63599e135f1756d706164f,16428,2026-09-02T14:08:39Z,https://emiratespaints.com/wp-content/themes/yobazar/css/themify-icons.css?ver=1.0.7,asset,styles,vrr 1.0.0
P0001,9b97cf2403_reset.css,assets/styles/9b97cf2403_reset.css,cada4b8e7b79a2b6b142a2e9916d0ab22f31a0ffaa547763e2c775d75e068cf0,48829,2026-09-02T14:08:38Z,https://emiratespaints.com/wp-content/themes/yobazar/css/reset.css?ver=1.0.7,asset,styles,vrr 1.0.0
P0001,9d3c441616_um-misc.min.css,assets/styles/9d3c441616_um-misc.min.css,ab0b9590f67bc2e0d1300c2aebfa5dca4361fa1cdbc29fbe489b072375418ab7,1656,2026-09-02T14:08:39Z,https://emiratespaints.com/wp-content/plugins/ultimate-member/assets/css/um-misc.min.css?ver=2.13.0,asset,styles,vrr 1.0.0
P0001,9f9316f296_elementskit-reset-button.css,assets/styles/9f9316f296_elementskit-reset-button.css,079951a363089eccfa5204894830b9da7b065bf00f8216fde2b319351f240926,69,2026-09-02T14:08:39Z,https://emiratespaints.com/wp-content/plugins/elementskit/modules/pro-form-reset-button/assets/css/elementskit-reset-button.css?ver=3.2.1,asset,styles,vrr 1.0.0
P0001,a92219e033_owl.carousel.css,assets/styles/a92219e033_owl.carousel.css,89e1fb1ed29036c34eb2573a26e1e14bf889fa6321983c6704c0290e96e08b2f,3632,2026-09-02T14:08:38Z,https://emiratespaints.com/wp-content/plugins/themesky/css/owl.carousel.css?ver=1.0.3,asset,styles,vrr 1.0.0
P0001,ac877ba12b_um-confirm.min.css,assets/styles/ac877ba12b_um-confirm.min.css,eee4ab7e702115f418fad324c578761dc4139fa2270d10acdcf467453c9430bc,873,2026-09-02T14:08:39Z,https://emiratespaints.com/wp-content/plugins/ultimate-member/assets/libs/um-confirm/um-confirm.min.css?ver=1.0,asset,styles,vrr 1.0.0
P0001,ae16048d59_1061.css,assets/styles/ae16048d59_1061.css,891836bfe6ab64543a99163f9010fda8c1b4d9d9a2ee68737d6b54844592cea3,29133,2026-09-02T14:08:42Z,https://emiratespaints.com/wp-content/uploads/custom-css-js/1061.css?v=1996,asset,styles,vrr 1.0.0
P0001,af31fb4b3a_widget-heading.min.css,assets/styles/af31fb4b3a_widget-heading.min.css,f68e889145cb0e47b7b190b2fdf087a9213a264ad33951512880c9f8bb6d0cd8,560,2026-09-02T14:08:38Z,https://emiratespaints.com/wp-content/plugins/elementor/assets/css/widget-heading.min.css?ver=4.2.4,asset,styles,vrr 1.0.0
P0001,b2ea0c5920_rs6.css,assets/styles/b2ea0c5920_rs6.css,d2a7a173045c7ed2c9474ee0edd3ebc0389454132b0a16e55b3eae6402c46a05,58327,2026-09-02T14:08:40Z,https://emiratespaints.com/wp-content/plugins/revslider/sr6/assets/css/rs6.css?ver=6.7.17,asset,styles,vrr 1.0.0
P0001,b304c230ca_1222.css,assets/styles/b304c230ca_1222.css,976ccad9b3e8f96d9b8b2a16c4131f40e803fbc9d189880db1734713cd4259a8,14575,2026-09-02T14:08:39Z,https://emiratespaints.com/wp-content/uploads/custom-css-js/1222.css?v=8624,asset,styles,vrr 1.0.0
P0001,b329a103ca_front.min.css,assets/styles/b329a103ca_front.min.css,6164505e0a9f74e980f06705cade3d32d0bda878ae1e396acc1b2effd7cb7462,61665,2026-09-02T14:08:38Z,https://emiratespaints.com/wp-content/plugins/download-manager/assets/css/front.min.css?ver=3.3.68,asset,styles,vrr 1.0.0
P0001,b514a58b1c_fadeInUp.min.css,assets/styles/b514a58b1c_fadeInUp.min.css,7263363f11b6184fe306b05a849db2de5a674258610578e594068bec72b4f2a9,130,2026-09-02T14:08:38Z,https://emiratespaints.com/wp-content/plugins/elementor/assets/lib/animations/styles/fadeInUp.min.css?ver=4.2.4,asset,styles,vrr 1.0.0
P0001,b5c7cfd4db_ekiticons.css,assets/styles/b5c7cfd4db_ekiticons.css,134b35ef34e29434205520a1963be3e34b5dfa603372dc3772e4c5bf5a20e3f2,83510,2026-09-02T14:08:39Z,https://emiratespaints.com/wp-content/plugins/elementskit-lite/modules/elementskit-icon-pack/assets/css/ekiticons.css?ver=4.0.2,asset,styles,vrr 1.0.0
P0001,b7b6555b26_style.css,assets/styles/b7b6555b26_style.css,32059319b02cc25ef9df6870e467d4c03fdeed777082374ea558f59eeb6e8177,3001,2026-09-02T14:08:38Z,https://emiratespaints.com/wp-content/plugins/elementskit/modules/parallax/assets/css/style.css?ver=3.2.1,asset,styles,vrr 1.0.0
P0001,b8151d2827_um-fontawesome.min.css,assets/styles/b8151d2827_um-fontawesome.min.css,276b6113f13f4f7d7dadd9ec4f0c2542d0e5faeb063a9e4ef76cb92a38d91994,278002,2026-09-02T14:08:39Z,https://emiratespaints.com/wp-content/plugins/ultimate-member/assets/css/um-fontawesome.min.css?ver=6.5.2,asset,styles,vrr 1.0.0
P0001,bdf74b2d20_fontello.css,assets/styles/bdf74b2d20_fontello.css,168642741cf6acd34501d09c8cc1c7e6be332ca9222f3223419bd1664b381839,12663,2026-09-02T14:08:38Z,https://emiratespaints.com/wp-content/plugins/essential-grid/public/assets/font/fontello/css/fontello.css?ver=3.0.13,asset,styles,vrr 1.0.0
P0001,c87f57fd28_post-449.css,assets/styles/c87f57fd28_post-449.css,ad35bf131959ee506a83df604989120a3f3a60d5db37f53097e1acca90a91e86,26609,2026-09-02T14:08:39Z,https://emiratespaints.com/wp-content/uploads/elementor/css/post-449.css?ver=1788323136,asset,styles,vrr 1.0.0
P0001,c90b2774fd_front-dark.min.css,assets/styles/c90b2774fd_front-dark.min.css,5c4164c02df4bd497535de57ffd29a89962284fcb0a9416a0d2af3f9d31f89ea,13806,2026-09-02T14:08:38Z,https://emiratespaints.com/wp-content/plugins/download-manager/assets/css/front-dark.min.css?ver=3.3.68,asset,styles,vrr 1.0.0
P0001,cdc91c22ad_nav-menu.css,assets/styles/cdc91c22ad_nav-menu.css,1e9b8f1b243b0fe74cfefecf1700ece908eb52ed4901ce7c4e82985dc4ef0cda,21843,2026-09-02T14:08:38Z,https://emiratespaints.com/wp-content/plugins/elementskit-lite/widgets/init/assets/css/nav-menu.css?ver=4.0.2,asset,styles,vrr 1.0.0
P0001,ce157a2236_default.date.min.css,assets/styles/ce157a2236_default.date.min.css,e9da786fb9b251c3e5c97a092dee719a68c282018e54a9d1cd6b4164be8dd580,3770,2026-09-02T14:08:39Z,https://emiratespaints.com/wp-content/plugins/ultimate-member/assets/libs/pickadate/default.date.min.css?ver=3.6.2,asset,styles,vrr 1.0.0
P0001,cfba06f75c_um-old-default.min.css,assets/styles/cfba06f75c_um-old-default.min.css,c1703269e50bdc74442955d50b89ee32448bef4a0e2f7dfae646b7e45a61f513,5756,2026-09-02T14:08:39Z,https://emiratespaints.com/wp-content/plugins/ultimate-member/assets/css/um-old-default.min.css?ver=2.13.0,asset,styles,vrr 1.0.0
P0001,d02cb1f1a8_cropper.min.css,assets/styles/d02cb1f1a8_cropper.min.css,f7f61b6cc4219716618f8295502eadf36f9612f4a4a8fadfce9d165bd58dbac4,3768,2026-09-02T14:08:39Z,https://emiratespaints.com/wp-content/plugins/ultimate-member/assets/libs/cropper/cropper.min.css?ver=1.6.1,asset,styles,vrr 1.0.0
P0001,d07fe9da54_widget-spacer.min.css,assets/styles/d07fe9da54_widget-spacer.min.css,808a659eb4e85607c6efe022bff149c3076853c5570a322bd35e5e8cb9458904,1793,2026-09-02T14:08:38Z,https://emiratespaints.com/wp-content/plugins/elementor/assets/css/widget-spacer.min.css?ver=4.2.4,asset,styles,vrr 1.0.0
P0001,d5c0a58dff_elementor-icons.min.css,assets/styles/d5c0a58dff_elementor-icons.min.css,c6b4e990dd45cb5fa574c9bca8163ceefa9cc933ec70f086d29817235b3ab64f,22258,2026-09-02T14:08:38Z,https://emiratespaints.com/wp-content/plugins/elementor/assets/lib/eicons/css/elementor-icons.min.css?ver=5.53.0,asset,styles,vrr 1.0.0
P0001,d648e7b92d_um-profile.min.css,assets/styles/d648e7b92d_um-profile.min.css,6de690c326e865a8fd799f683dca4c42928bee89364898ea39a5ec9c46de8da7,7715,2026-09-02T14:08:39Z,https://emiratespaints.com/wp-content/plugins/ultimate-member/assets/css/um-profile.min.css?ver=2.13.0,asset,styles,vrr 1.0.0
P0002,d797f9a424_style.min.css,assets/styles/d797f9a424_style.min.css,dd1a8bd21728868dea879c3fcdb6e4e2d23ae377a86ee4866366cffd17900d9f,131189,2026-09-02T14:09:43Z,https://emiratespaints.com/wp-includes/css/dist/block-library/style.min.css?ver=7.0.4,asset,styles,vrr 1.0.0
P0001,d888a49b5b_fonticons-fa.min.css,assets/styles/d888a49b5b_fonticons-fa.min.css,0e6b40210d1adffc1786a5d1a453af75db0f199a136605d07e7a2311ad9f02c2,24175,2026-09-02T14:08:39Z,https://emiratespaints.com/wp-content/plugins/ultimate-member/assets/libs/legacy/fonticons/fonticons-fa.min.css?ver=2.13.0,asset,styles,vrr 1.0.0
P0001,d9cb8b6d6f_widget-social-icons.min.css,assets/styles/d9cb8b6d6f_widget-social-icons.min.css,91079644ee1e76145b30c207470b56866770b0564f0fbf1373ab8b11d94f8c9f,5110,2026-09-02T14:08:39Z,https://emiratespaints.com/wp-content/plugins/elementor/assets/css/widget-social-icons.min.css?ver=4.2.4,asset,styles,vrr 1.0.0
P0001,dce5acfa56_widget-divider.min.css,assets/styles/dce5acfa56_widget-divider.min.css,f042f3243af9c3e339447b3aa8acf5776c9c12bf03b67e87013750ca5ad7fb0a,4258,2026-09-02T14:08:39Z,https://emiratespaints.com/wp-content/plugins/elementor/assets/css/widget-divider.min.css?ver=4.2.4,asset,styles,vrr 1.0.0
P0001,e1dc801484_um-notice.min.css,assets/styles/e1dc801484_um-notice.min.css,4de19e5f1b59597198b0a83d59e4f5040031c6196f57220eec323c8da084d12b,761,2026-09-02T14:08:39Z,https://emiratespaints.com/wp-content/plugins/ultimate-member/assets/libs/um-notice/um-notice.min.css?ver=1.0,asset,styles,vrr 1.0.0
P0001,e63ea32549_um-responsive.min.css,assets/styles/e63ea32549_um-responsive.min.css,4dd0f537fed20290d95ca058baa4cbb26416a541980073c8983b09b4e0def40a,10083,2026-09-02T14:08:39Z,https://emiratespaints.com/wp-content/plugins/ultimate-member/assets/css/um-responsive.min.css?ver=2.13.0,asset,styles,vrr 1.0.0
P0001,ea746f1923_widget-image-box.min.css,assets/styles/ea746f1923_widget-image-box.min.css,7738ac41dae333c277ec1132c7ffa496457af424a623cbf02b56fea00adaaf1a,1657,2026-09-02T14:08:38Z,https://emiratespaints.com/wp-content/plugins/elementor/assets/css/widget-image-box.min.css?ver=4.2.4,asset,styles,vrr 1.0.0
P0001,ebe316f7d8_wc-blocks.css,assets/styles/ebe316f7d8_wc-blocks.css,7185a3b34994588c017191cfb740e497fb5f3b887321573d2c1ec01896368528,14015,2026-09-02T14:08:38Z,https://emiratespaints.com/wp-content/plugins/woocommerce/assets/client/blocks/wc-blocks.css?ver=wc-11.0.1,asset,styles,vrr 1.0.0
P0001,f1e052a796_select2.min.css,assets/styles/f1e052a796_select2.min.css,15d6ad4dfdb43d0affad683e70029f97a8f8fc8637a28845009ee0542dccdf81,14966,2026-09-02T14:08:39Z,https://emiratespaints.com/wp-content/plugins/ultimate-member/assets/libs/select2/select2.min.css?ver=4.0.13,asset,styles,vrr 1.0.0
P0001,fdc16f0723_woocommerce-smallscreen.css,assets/styles/fdc16f0723_woocommerce-smallscreen.css,262c2912a618e3aa1af029cba7dde16245c35dd550bb10fa72c74b435456097a,8655,2026-09-02T14:08:43Z,https://emiratespaints.com/wp-content/plugins/woocommerce/assets/css/woocommerce-smallscreen.css?ver=11.0.1,asset,styles,vrr 1.0.0
P0001,P0001_home_en_desktop.html,html/rendered/P0001_home_en_desktop.html,f0c58ed77b153b4b96e90a662d24169990e2983335bf22e22b92ec9a2631926a,379109,2026-09-02T14:22:37Z,https://emiratespaints.com/,desktop,html_rendered,vrr 1.0.0
P0001,P0001_home_en_mobile.html,html/rendered/P0001_home_en_mobile.html,e13e190d0b7bcad822f61cce4cc1679eafe19657f7c084a18ea9da5d7f1dc86a,379140,2026-09-02T14:23:34Z,https://emiratespaints.com/,mobile,html_rendered,vrr 1.0.0
P0001,P0001_home_en_tablet.html,html/rendered/P0001_home_en_tablet.html,6175da0d213f33fb1b9d063a78fce87cb78204345491f00293f1d153e01d331e,379192,2026-09-02T14:23:09Z,https://emiratespaints.com/,tablet,html_rendered,vrr 1.0.0
P0002,P0002_products_en_desktop.html,html/rendered/P0002_products_en_desktop.html,acb28c3cee489d599c7e73e6f190e24e136384ddec37ec612ae579cafd97e8aa,332309,2026-09-02T14:23:57Z,https://emiratespaints.com/products/,desktop,html_rendered,vrr 1.0.0
P0002,P0002_products_en_mobile.html,html/rendered/P0002_products_en_mobile.html,2602de721c11ce0cee8224b2bbc6d7c0a72625e60286a72fc30c2500d6d63118,332285,2026-09-02T14:24:45Z,https://emiratespaints.com/products/,mobile,html_rendered,vrr 1.0.0
P0002,P0002_products_en_tablet.html,html/rendered/P0002_products_en_tablet.html,2c7ca79885a32d43f37247a44ee667e1e239fd8cb6a3b4b4d305045fade9e710,332332,2026-09-02T14:24:23Z,https://emiratespaints.com/products/,tablet,html_rendered,vrr 1.0.0
P0003,P0003_product_aqua-emulsion_en_desktop.html,html/rendered/P0003_product_aqua-emulsion_en_desktop.html,7d2480a4f37eca556c59c4a58bbd39b9648938066b9f9de0866df867dc9efcf2,837702,2026-09-02T14:25:11Z,https://emiratespaints.com/product/aqua-emulsion/,desktop,html_rendered,vrr 1.0.0
P0003,P0003_product_aqua-emulsion_en_mobile.html,html/rendered/P0003_product_aqua-emulsion_en_mobile.html,309633aa5c99323c35a9303672e6b4ec7ae0f4ca5dffbce9c1a339c5d20ccb02,828914,2026-09-02T14:26:02Z,https://emiratespaints.com/product/aqua-emulsion/,mobile,html_rendered,vrr 1.0.0
P0003,P0003_product_aqua-emulsion_en_tablet.html,html/rendered/P0003_product_aqua-emulsion_en_tablet.html,8685c3a4736526cd77f9b09d74a6b755c66cae57c5b9815b9b66a6a75abf2e6c,833328,2026-09-02T14:25:35Z,https://emiratespaints.com/product/aqua-emulsion/,tablet,html_rendered,vrr 1.0.0
P0001,P0001_home_en_desktop.html,html/response/P0001_home_en_desktop.html,beacd8e9cc0505c4978072737735078307c57c10fb311195086acee9b05b533b,329620,2026-09-02T14:21:38Z,https://emiratespaints.com/,desktop,html_response,vrr 1.0.0
P0001,P0001_home_en_mobile.html,html/response/P0001_home_en_mobile.html,beacd8e9cc0505c4978072737735078307c57c10fb311195086acee9b05b533b,329620,2026-09-02T14:15:13Z,https://emiratespaints.com/,mobile,html_response,vrr 1.0.0
P0001,P0001_home_en_tablet.html,html/response/P0001_home_en_tablet.html,beacd8e9cc0505c4978072737735078307c57c10fb311195086acee9b05b533b,329620,2026-09-02T14:14:54Z,https://emiratespaints.com/,tablet,html_response,vrr 1.0.0
P0002,P0002_products_en_desktop.html,html/response/P0002_products_en_desktop.html,1bc7a331ea0b51a4cea51dd5dc3038472955bc289e5468a7b06874da3a950f42,284692,2026-09-02T14:23:45Z,https://emiratespaints.com/products/,desktop,html_response,vrr 1.0.0
P0002,P0002_products_en_mobile.html,html/response/P0002_products_en_mobile.html,1bc7a331ea0b51a4cea51dd5dc3038472955bc289e5468a7b06874da3a950f42,284692,2026-09-02T14:10:27Z,https://emiratespaints.com/products/,mobile,html_response,vrr 1.0.0
P0002,P0002_products_en_tablet.html,html/response/P0002_products_en_tablet.html,1bc7a331ea0b51a4cea51dd5dc3038472955bc289e5468a7b06874da3a950f42,284692,2026-09-02T14:10:10Z,https://emiratespaints.com/products/,tablet,html_response,vrr 1.0.0
P0003,P0003_product_aqua-emulsion_en_desktop.html,html/response/P0003_product_aqua-emulsion_en_desktop.html,d78067ae43dda1bed8bffce104f51b485fe0a1fc63289b6c6d59e84dfec787b0,683954,2026-09-02T14:24:59Z,https://emiratespaints.com/product/aqua-emulsion/,desktop,html_response,vrr 1.0.0
P0003,P0003_product_aqua-emulsion_en_mobile.html,html/response/P0003_product_aqua-emulsion_en_mobile.html,d78067ae43dda1bed8bffce104f51b485fe0a1fc63289b6c6d59e84dfec787b0,683954,2026-09-02T14:11:21Z,https://emiratespaints.com/product/aqua-emulsion/,mobile,html_response,vrr 1.0.0
P0003,P0003_product_aqua-emulsion_en_tablet.html,html/response/P0003_product_aqua-emulsion_en_tablet.html,d78067ae43dda1bed8bffce104f51b485fe0a1fc63289b6c6d59e84dfec787b0,683954,2026-09-02T14:11:03Z,https://emiratespaints.com/product/aqua-emulsion/,tablet,html_response,vrr 1.0.0
P0001,P0001_home_en_desktop.headers.json,metadata/headers/P0001_home_en_desktop.headers.json,2379843ba33f8912cc180f4bf58269a4354d064c6b0df571ab22be18437c136a,1336,2026-09-02T14:19:53Z,,,,vrr 1.0.0
P0001,P0001_home_en_mobile.headers.json,metadata/headers/P0001_home_en_mobile.headers.json,f82e102c79e45620af38a50e48b286d07cf6bd6c9fae9a4597d143d6d194db3e,1335,2026-09-02T14:19:53Z,,,,vrr 1.0.0
P0001,P0001_home_en_tablet.headers.json,metadata/headers/P0001_home_en_tablet.headers.json,8c17217fabe26c44290c8162f117086bc56cc03ddae94b7e55261f15d1633367,1335,2026-09-02T14:19:53Z,,,,vrr 1.0.0
P0002,P0002_products_en_desktop.headers.json,metadata/headers/P0002_products_en_desktop.headers.json,0b72a83a5158cab5fe67a611b0708a96f2920aa1c5e2e09f202c2b6a6ccad15d,1139,2026-09-02T14:19:53Z,,,,vrr 1.0.0
P0002,P0002_products_en_mobile.headers.json,metadata/headers/P0002_products_en_mobile.headers.json,74e2dc1b2f10c47d5b29c9666c5075682c80aa68af60f1a835c113984e02d240,1181,2026-09-02T14:19:53Z,,,,vrr 1.0.0
P0002,P0002_products_en_tablet.headers.json,metadata/headers/P0002_products_en_tablet.headers.json,d35236a329b2227cdce093e928da83e9ba868c8a74f5200b6b2c8ab113d2abd2,1181,2026-09-02T14:19:53Z,,,,vrr 1.0.0
P0003,P0003_product_aqua-emulsion_en_desktop.headers.json,metadata/headers/P0003_product_aqua-emulsion_en_desktop.headers.json,1d627626bccb70795fa36909a15d1ac54159a8f1c89c756ffa3cdb3816ef4e58,1324,2026-09-02T14:19:53Z,,,,vrr 1.0.0
P0003,P0003_product_aqua-emulsion_en_mobile.headers.json,metadata/headers/P0003_product_aqua-emulsion_en_mobile.headers.json,8bfc202a10bad6ca8a965ced373e3df785b3b9dd93e735360fa5f10ce7aa10dc,1366,2026-09-02T14:19:53Z,,,,vrr 1.0.0
P0003,P0003_product_aqua-emulsion_en_tablet.headers.json,metadata/headers/P0003_product_aqua-emulsion_en_tablet.headers.json,c26f9e1d5c1f8c6f870e49681620dca3e64e7f84d19fa5e45972305d9d8301ed,1366,2026-09-02T14:19:53Z,,,,vrr 1.0.0
P0001,P0001_home.links.json,metadata/links/P0001_home.links.json,cfef1f6b71d619c2656542703aa72823bbde345f363392e12c524b38011f9832,2336,2026-09-02T14:19:53Z,,,,vrr 1.0.0
P0002,P0002_products.links.json,metadata/links/P0002_products.links.json,c82fe9c846451656072b41b69966ea441803a6777efea711b41b68b5c3327183,5473,2026-09-02T14:19:53Z,,,,vrr 1.0.0
P0003,P0003_product_aqua-emulsion.links.json,metadata/links/P0003_product_aqua-emulsion.links.json,38a13e256427a366b841c71888c23932ed32f23c11448d9247e9e23a52a67a8e,2287,2026-09-02T14:19:53Z,,,,vrr 1.0.0
P0001,P0001_home_en_desktop.json,metadata/page-data/P0001_home_en_desktop.json,cfe773c08d0da9f284e4d1619767ad01df86b57f6009fccac81846cab1ef7879,10713,2026-09-02T14:19:53Z,,,,vrr 1.0.0
P0001,P0001_home_en_mobile.json,metadata/page-data/P0001_home_en_mobile.json,9953851a288b02e7d79f069dae4a72921dd0aaa50406dc94acbfdf79dfb5b39e,10710,2026-09-02T14:19:53Z,,,,vrr 1.0.0
P0001,P0001_home_en_tablet.json,metadata/page-data/P0001_home_en_tablet.json,2c0ec7128aae37ceb9cc9e684b0569cd70f4dcdaabc973f298abb1775a62af9e,10711,2026-09-02T14:19:53Z,,,,vrr 1.0.0
P0002,P0002_products_en_desktop.json,metadata/page-data/P0002_products_en_desktop.json,266e6a001c8fa71c32d0ae096ccb07323a7af6ccc127cb75de2e96f048a062cf,12289,2026-09-02T14:19:53Z,,,,vrr 1.0.0
P0002,P0002_products_en_mobile.json,metadata/page-data/P0002_products_en_mobile.json,003dd4f7653a9c4e7e82844c2c984165c925a726433533feb78533cdf0ca3441,12285,2026-09-02T14:19:53Z,,,,vrr 1.0.0
P0002,P0002_products_en_tablet.json,metadata/page-data/P0002_products_en_tablet.json,eddad493d82a5bd2976c2ce73ba137462fe2d54b12fb331ab075ee6e4af02086,12287,2026-09-02T14:19:53Z,,,,vrr 1.0.0
P0003,P0003_product_aqua-emulsion_en_desktop.json,metadata/page-data/P0003_product_aqua-emulsion_en_desktop.json,b25ccf5b84a532004fb5336dd29cd8e4ad79fc594a64f538adc470eb5a63bb5d,20964,2026-09-02T14:19:53Z,,,,vrr 1.0.0
P0003,P0003_product_aqua-emulsion_en_mobile.json,metadata/page-data/P0003_product_aqua-emulsion_en_mobile.json,50a1ac85ce38f03cacf815d1e1f53a7cae0be05653f11d73742ebf394b9dd544,20963,2026-09-02T14:19:53Z,,,,vrr 1.0.0
P0003,P0003_product_aqua-emulsion_en_tablet.json,metadata/page-data/P0003_product_aqua-emulsion_en_tablet.json,b12252accee3315687047fa9aab86b3be501db03161a11068c6fda4942ca8372,20962,2026-09-02T14:19:53Z,,,,vrr 1.0.0
P0001,P0001_home_en_desktop_fold.png,screenshots/desktop/above-fold/P0001_home_en_desktop_fold.png,57e2930d10eea5db76bf50c32d5025241b942850cf13f567832db853be416041,389251,2026-09-02T14:22:23Z,https://emiratespaints.com/,desktop,screenshot_fold,vrr 1.0.0
P0002,P0002_products_en_desktop_fold.png,screenshots/desktop/above-fold/P0002_products_en_desktop_fold.png,4956e50b9a83c2fa1e84e9f1995069d0b11640ed86464d85f42366fb3238e04c,305460,2026-09-02T14:23:45Z,https://emiratespaints.com/products/,desktop,screenshot_fold,vrr 1.0.0
P0003,P0003_product_aqua-emulsion_en_desktop_fold.png,screenshots/desktop/above-fold/P0003_product_aqua-emulsion_en_desktop_fold.png,62d3d8cb0e091e359b5ff538fd7fe37d4dd736594d6e903b4a6cb35b45678bab,191392,2026-09-02T14:25:00Z,https://emiratespaints.com/product/aqua-emulsion/,desktop,screenshot_fold,vrr 1.0.0
P0001,P0001_home_en_desktop_full.png,screenshots/desktop/full-page/P0001_home_en_desktop_full.png,ecaa9913a8ba9e8a728346d48dbc3c9fa25e93abb0bdb3ec0cd8eb47e44de89d,2056952,2026-09-02T14:22:37Z,https://emiratespaints.com/,desktop,screenshot_full,vrr 1.0.0
P0002,P0002_products_en_desktop_full.png,screenshots/desktop/full-page/P0002_products_en_desktop_full.png,7569c525b489f1166beea52184021b0738724389502206fcffbbd918b0b20a1a,695307,2026-09-02T14:23:57Z,https://emiratespaints.com/products/,desktop,screenshot_full,vrr 1.0.0
P0003,P0003_product_aqua-emulsion_en_desktop_full.png,screenshots/desktop/full-page/P0003_product_aqua-emulsion_en_desktop_full.png,03c3305bebe7df7c184cc7e40ab7402aed00e4c4db2014dcbe9b21b6e723937b,515554,2026-09-02T14:25:11Z,https://emiratespaints.com/product/aqua-emulsion/,desktop,screenshot_full,vrr 1.0.0
P0001,P0001_home_en_desktop_search_open.png,screenshots/interactive-states/P0001_home_en_desktop_search_open.png,b327088284fac1d8a6dcb20c399992e7be4078532d27a62e839763bdc68a42dc,251891,2026-09-02T14:22:38Z,https://emiratespaints.com/,desktop,interactive:search_open,vrr 1.0.0
P0001,P0001_home_en_mobile_mobile_menu_open.png,screenshots/interactive-states/P0001_home_en_mobile_mobile_menu_open.png,16901b9d7ed123ca45ceb28587783eacc7cd468302afcfd720479c85665d669f,39190,2026-09-02T14:23:35Z,https://emiratespaints.com/,mobile,interactive:mobile_menu_open,vrr 1.0.0
P0002,P0002_products_en_desktop_search_open.png,screenshots/interactive-states/P0002_products_en_desktop_search_open.png,96f020974e40e4b1317dea02e1d68244a8bc9357cc758157af41bc4e610e884b,273960,2026-09-02T14:23:58Z,https://emiratespaints.com/products/,desktop,interactive:search_open,vrr 1.0.0
P0002,P0002_products_en_mobile_mobile_menu_open.png,screenshots/interactive-states/P0002_products_en_mobile_mobile_menu_open.png,c8ebfb30ebd18f16d8896a947ccbdd0c1af06cee6c857a7769255d6fdaff6114,38820,2026-09-02T14:24:46Z,https://emiratespaints.com/products/,mobile,interactive:mobile_menu_open,vrr 1.0.0
P0003,P0003_product_aqua-emulsion_en_mobile_mobile_menu_open.png,screenshots/interactive-states/P0003_product_aqua-emulsion_en_mobile_mobile_menu_open.png,b145beeeabaeac9f99ef72428e8dff4c07024bf474a243106a774f682e96adbb,38925,2026-09-02T14:26:03Z,https://emiratespaints.com/product/aqua-emulsion/,mobile,interactive:mobile_menu_open,vrr 1.0.0
P0001,P0001_home_en_mobile_fold.png,screenshots/mobile/above-fold/P0001_home_en_mobile_fold.png,a81a3b74dda93857b6b71d1fdb296b46cc56f4edda2f7df31b24906ab04b0644,103121,2026-09-02T14:23:19Z,https://emiratespaints.com/,mobile,screenshot_fold,vrr 1.0.0
P0002,P0002_products_en_mobile_fold.png,screenshots/mobile/above-fold/P0002_products_en_mobile_fold.png,afca1e65c9f806acec2afaabd876bfe59aa56a87449d8ea8793df2bc2beb7cda,53783,2026-09-02T14:24:36Z,https://emiratespaints.com/products/,mobile,screenshot_fold,vrr 1.0.0
P0003,P0003_product_aqua-emulsion_en_mobile_fold.png,screenshots/mobile/above-fold/P0003_product_aqua-emulsion_en_mobile_fold.png,695b0489fc7546b3b94692b46fe9b9a5fadcc06ea0e20620f7e6887013b2f0a5,90305,2026-09-02T14:25:49Z,https://emiratespaints.com/product/aqua-emulsion/,mobile,screenshot_fold,vrr 1.0.0
P0001,P0001_home_en_mobile_full.png,screenshots/mobile/full-page/P0001_home_en_mobile_full.png,d82a94b563f652d7b67fd0ec0ebb18b1ea8bbf445e86386160e9640887516875,741598,2026-09-02T14:23:34Z,https://emiratespaints.com/,mobile,screenshot_full,vrr 1.0.0
P0002,P0002_products_en_mobile_full.png,screenshots/mobile/full-page/P0002_products_en_mobile_full.png,42e95d79af0d2f1e81cb45e4ed69282c574cbcdf33c5518098437f1bfb9d96ed,55147,2026-09-02T14:24:45Z,https://emiratespaints.com/products/,mobile,screenshot_full,vrr 1.0.0
P0003,P0003_product_aqua-emulsion_en_mobile_full.png,screenshots/mobile/full-page/P0003_product_aqua-emulsion_en_mobile_full.png,c4ebc6e850918649f8d06c4f82628db5ecd9fdadd0238fff46b72bfe68a6101f,257537,2026-09-02T14:26:02Z,https://emiratespaints.com/product/aqua-emulsion/,mobile,screenshot_full,vrr 1.0.0
P0001,P0001_home_en_tablet_fold.png,screenshots/tablet/above-fold/P0001_home_en_tablet_fold.png,d0073df1d23ab7d55f45fc5a45dfb62899d4cb9c4ee947f87517340f30dc0a89,157321,2026-09-02T14:22:54Z,https://emiratespaints.com/,tablet,screenshot_fold,vrr 1.0.0
P0002,P0002_products_en_tablet_fold.png,screenshots/tablet/above-fold/P0002_products_en_tablet_fold.png,58f7e96e31af0043e1fe0aedc7daff8e2d3fc934c9a81e7706dd23406778216f,169365,2026-09-02T14:24:11Z,https://emiratespaints.com/products/,tablet,screenshot_fold,vrr 1.0.0
P0003,P0003_product_aqua-emulsion_en_tablet_fold.png,screenshots/tablet/above-fold/P0003_product_aqua-emulsion_en_tablet_fold.png,23af6ff564a231b88c81e7c2070bd36685ca1dcf5f993a3fed1b4400b381e97c,122042,2026-09-02T14:25:23Z,https://emiratespaints.com/product/aqua-emulsion/,tablet,screenshot_fold,vrr 1.0.0
P0001,P0001_home_en_tablet_full.png,screenshots/tablet/full-page/P0001_home_en_tablet_full.png,3ecc14119b0f9df5f3d6bec617d148c67c6f3b45b1c9f9bf53d665d3d12ded5c,1072676,2026-09-02T14:23:09Z,https://emiratespaints.com/,tablet,screenshot_full,vrr 1.0.0
P0002,P0002_products_en_tablet_full.png,screenshots/tablet/full-page/P0002_products_en_tablet_full.png,772e35f307c5bc637f4c6656164bd0a11b814d8e11f00d013f678188941d8a90,384287,2026-09-02T14:24:23Z,https://emiratespaints.com/products/,tablet,screenshot_full,vrr 1.0.0
P0003,P0003_product_aqua-emulsion_en_tablet_full.png,screenshots/tablet/full-page/P0003_product_aqua-emulsion_en_tablet_full.png,e291f760146352c01a4c8de150a14c12cf93b4806f8767b90d3ba376f84ebdc8,305560,2026-09-02T14:25:35Z,https://emiratespaints.com/product/aqua-emulsion/,tablet,screenshot_full,vrr 1.0.0
